ddt,ticker,isin,gvkeyiid,style,ls_weight,style_ls_weight,factor_weight
2026-08-31,000001 CH Equity,CNE000000040,21338001W,MP,0.00018175032811589223,0.00018175032811589223,0.1343325769475542
2026-08-31,000021 CH Equity,CNE000000FK4,25137401W,MP,-0.00022310478214357426,-0.00022310478214357426,0.22114294533591689
2026-08-31,000039 CH Equity,CNE000000644,21063102W,MP,0.0005333827896133585,0.0005333827896133585,0.46058892560743214
2026-08-31,000063 CH Equity,CNE000000TK5,24385801W,MP,-0.00019310631225961185,-0.00019310631225961185,0.26315337610650436
2026-08-31,000066 CH Equity,CNE000000RL7,24364201W,MP,-0.0001780154168322958,-0.0001780154168322958,0.25168347857211926
2026-08-31,000100 CH Equity,CNE000001GL8,27053501W,MP,0.00019198663435474162,0.00019198663435474162,0.3406524907609466
2026-08-31,000157 CH Equity,CNE000001527,25989601W,MP,0.0005100736228839722,0.0005100736228839722,0.36178640189484745
2026-08-31,000166 CH Equity,CNE100002FD4,31912301W,MP,0.0002400197469546217,0.0002400197469546217,0.19793009112936966
2026-08-31,000301 CH Equity,CNE0000012K6,32958001W,MP,0.0005854600856521952,0.0005854600856521952,0.290387322859491
2026-08-31,000333 CH Equity,CNE100001QQ5,31610001W,MP,0.00020955289274253723,0.00020955289274253723,0.34668342876032854
2026-08-31,000338 CH Equity,CNE1000000D4,26065402W,MP,0.00038573995751570855,0.00038573995751570855,0.39416890595509047
2026-08-31,000408 CH Equity,CNE000000L08,27233901W,MP,-0.0002857060351956158,-0.0002857060351956158,0.17184362605443337
2026-08-31,000423 CH Equity,CNE0000006Y9,26013001W,MP,0.00030991643004138,0.00030991643004138,0.23910842424781426
2026-08-31,000425 CH Equity,CNE000000FH0,25133101W,MP,0.0001572602989626825,0.0001572602989626825,0.33994152558635277
2026-08-31,000426 CH Equity,CNE000000D24,25990201W,MP,-0.00011118764806254095,-0.00011118764806254095,0.1557489200501555
2026-08-31,000513 CH Equity,CNE0000002Y8,21070302W,MP,0.0001431442786376042,0.0001431442786376042,0.3189509766697973
2026-08-31,000538 CH Equity,CNE0000008X7,27143001W,MP,-7.58964136035232e-05,-7.58964136035232e-05,0.14756696578262835
2026-08-31,000559 CH Equity,CNE000000FB3,26022401W,MP,0.0001234552928800802,0.0001234552928800802,0.32661904853187684
2026-08-31,000564 CH Equity,CNE0000003W0,26023701W,MP,-0.00031816815512463365,-0.00031816815512463365,0.20146419507387647
2026-08-31,000568 CH Equity,CNE000000GF2,24376701W,MP,-0.00075875363528327,-0.00075875363528327,0.2875837008865604
2026-08-31,000596 CH Equity,CNE000000MD5,24373702W,MP,-0.0006532325679015382,-0.0006532325679015382,0.2515811411165163
2026-08-31,000617 CH Equity,CNE000000MS3,27233101W,MP,-0.00016788895545565789,-0.00016788895545565789,0.10000550476865452
2026-08-31,000625 CH Equity,CNE000000R36,24206101W,MP,-2.2481414052218358e-05,-2.2481414052218358e-05,0.4715404256842714
2026-08-31,000629 CH Equity,CNE0000007H2,25134401W,MP,2.9843626361390674e-05,2.9843626361390674e-05,0.03989114838965242
2026-08-31,000630 CH Equity,CNE000000529,27103901W,MP,-0.0002289620696832304,-0.0002289620696832304,0.3138162001434604
2026-08-31,000636 CH Equity,CNE000000GH8,25131501W,MP,0.00041005710034729506,0.00041005710034729506,0.3583897779339706
2026-08-31,000651 CH Equity,CNE0000001D4,25998001W,MP,0.00023715494559219528,0.00023715494559219528,0.3574427569322365
2026-08-31,000657 CH Equity,CNE0000006M4,27223901W,MP,5.890643793634737e-06,5.890643793634737e-06,0.18422369401682667
2026-08-31,000661 CH Equity,CNE0000007J8,27213001W,MP,-0.00041806795033071765,-0.00041806795033071765,0.19865038256875553
2026-08-31,000688 CH Equity,CNE0000003F5,25996701W,MP,0.0001357479680644372,0.0001357479680644372,0.14019558443867663
2026-08-31,000703 CH Equity,CNE0000001J1,27193201W,MP,0.0003516422716195058,0.0003516422716195058,0.15315167358354861
2026-08-31,000708 CH Equity,CNE0000008J6,25997201W,MP,0.00023789566057638833,0.00023789566057638833,0.11585777166050308
2026-08-31,000725 CH Equity,CNE0000016L5,24205802W,MP,-0.0001280700573818583,-0.0001280700573818583,0.4069838624689874
2026-08-31,000728 CH Equity,CNE000000QZ9,27200801W,MP,-8.601091765506035e-06,-8.601091765506035e-06,0.1618939944315084
2026-08-31,000729 CH Equity,CNE000000S84,25130601W,MP,0.00016747104430440854,0.00016747104430440854,0.3869872685579801
2026-08-31,000750 CH Equity,CNE0000008K4,27196601W,MP,0.00014741076321719487,0.00014741076321719487,0.1164234505052031
2026-08-31,000768 CH Equity,CNE000000RF9,27104601W,MP,-4.240721683134619e-05,-4.240721683134619e-05,0.252895763541238
2026-08-31,000776 CH Equity,CNE0000008L2,27199901W,MP,-2.2759623730781986e-05,-2.2759623730781986e-05,0.19297448803805167
2026-08-31,000783 CH Equity,CNE000000SH3,25137601W,MP,0.0003828387374620834,0.0003828387374620834,0.22129790903923333
2026-08-31,000786 CH Equity,CNE000000QS4,25983101W,MP,1.1601830305512074e-05,1.1601830305512074e-05,0.30435648426948636
2026-08-31,000792 CH Equity,CNE000000SW2,26009701W,MP,-4.4963736681744256e-05,-4.4963736681744256e-05,0.14918795144228736
2026-08-31,000807 CH Equity,CNE000000VG9,26026901W,MP,-5.093632758335457e-06,-5.093632758335457e-06,0.19315482283238714
2026-08-31,000830 CH Equity,CNE000000WN3,27202401W,MP,0.00013042564259956838,0.00013042564259956838,0.0948862822615199
2026-08-31,000831 CH Equity,CNE000000WS2,26016801W,MP,-1.0033150973661553e-05,-1.0033150973661553e-05,0.06142207956569908
2026-08-31,000858 CH Equity,CNE000000VQ8,24368301W,MP,-0.00010643260982097926,-0.00010643260982097926,0.321928953414472
2026-08-31,000876 CH Equity,CNE000000VB0,25955001W,MP,0.0001849155666486727,0.0001849155666486727,0.4498646924660972
2026-08-31,000878 CH Equity,CNE000000W13,26027101W,MP,-0.00011184685006459813,-0.00011184685006459813,0.11641721343756656
2026-08-31,000893 CH Equity,CNE000000XS0,27206301W,MP,8.890451572207318e-05,8.890451572207318e-05,0.13990970005699593
2026-08-31,000895 CH Equity,CNE000000XM3,26000401W,MP,0.0007191843879499422,0.0007191843879499422,0.40387123509882517
2026-08-31,000932 CH Equity,CNE000001006,25133201W,MP,7.059095361733397e-05,7.059095361733397e-05,0.19052182475275484
2026-08-31,000933 CH Equity,CNE000001097,26000301W,MP,-0.0002829506385031054,-0.0002829506385031054,0.13963614266161314
2026-08-31,000938 CH Equity,CNE0000010T1,26022301W,MP,5.0316543985678555e-05,5.0316543985678555e-05,0.2355468537363765
2026-08-31,000960 CH Equity,CNE0000011D3,27024101W,MP,0.0003753382690210754,0.0003753382690210754,0.2214151634893613
2026-08-31,000963 CH Equity,CNE0000011S1,26000801W,MP,0.00022701017900308713,0.00022701017900308713,0.24997696489896148
2026-08-31,000975 CH Equity,CNE0000012L4,27115501W,MP,-0.00018997136060747827,-0.00018997136060747827,0.08588847260847393
2026-08-31,000977 CH Equity,CNE0000012M2,27213901W,MP,0.0004004313044730304,0.0004004313044730304,0.37927039073360513
2026-08-31,000981 CH Equity,CNE000001352,27215701W,MP,-0.00010986829013423182,-0.00010986829013423182,0.3323258415533941
2026-08-31,000983 CH Equity,CNE0000013Y5,25137101W,MP,-0.0003697372326958648,-0.0003697372326958648,0.18310594667630528
2026-08-31,000988 CH Equity,CNE000001303,25900801W,MP,7.12983330190408e-05,7.12983330190408e-05,0.16788395330395658
2026-08-31,000999 CH Equity,CNE0000011K8,25135901W,MP,0.0002925395482984499,0.0002925395482984499,0.31509003436238703
2026-08-31,001203 CH Equity,CNE100004JY8,34746201W,MP,-0.00019576281911173085,-0.00019576281911173085,0.11866465326262998
2026-08-31,001309 CH Equity,CNE100005GP9,35376601W,MP,0.0002684921191422683,0.0002684921191422683,0.3964374122979885
2026-08-31,001389 CH Equity,CNE100006HM2,36087201W,MP,0.0005136689760523185,0.0005136689760523185,0.4618841932853086
2026-08-31,001965 CH Equity,CNE1000032B1,32631201W,MP,-0.0004395189676196198,-0.0004395189676196198,0.42712731291983846
2026-08-31,002001 CH Equity,CNE000001J84,27070401W,MP,-0.00043093328251913015,-0.00043093328251913015,0.18077475486999384
2026-08-31,002007 CH Equity,CNE000001JN8,27076001W,MP,0.00027562870042251554,0.00027562870042251554,0.2830105007287493
2026-08-31,002008 CH Equity,CNE000001JQ1,27069601W,MP,0.0008513568962389113,0.0008513568962389113,0.42437722057757016
2026-08-31,002027 CH Equity,CNE000001KK2,27088901W,MP,0.00014670770009703052,0.00014670770009703052,0.16045822649072095
2026-08-31,002028 CH Equity,CNE000001KM8,27088301W,MP,-1.644860890646631e-06,-1.644860890646631e-06,0.2890431151088607
2026-08-31,002049 CH Equity,CNE000001M14,27334601W,MP,-0.0011024460310873373,-0.0011024460310873373,0.43199967253206306
2026-08-31,002050 CH Equity,CNE000001M22,27311401W,MP,0.00010357692003465564,0.00010357692003465564,0.3046950386710441
2026-08-31,002056 CH Equity,CNE000001N70,27823101W,MP,0.0005268371590947189,0.0005268371590947189,0.36729529351462886
2026-08-31,002064 CH Equity,CNE000001NK6,27844801W,MP,0.00013574796806443723,0.00013574796806443723,0.14019558443867663
2026-08-31,002074 CH Equity,CNE000001NY7,27918201W,MP,-0.0005853400711040788,-0.0005853400711040788,0.42159830752527044
2026-08-31,002078 CH Equity,CNE000001P52,27939301W,MP,2.452130089652185e-05,2.452130089652185e-05,0.08520045056680915
2026-08-31,002080 CH Equity,CNE000001P78,27944101W,MP,0.00023910070663517289,0.00023910070663517289,0.13975664649638855
2026-08-31,002128 CH Equity,CNE100000098,28433601W,MP,0.0002620452757681934,0.0002620452757681934,0.30356268074114207
2026-08-31,002129 CH Equity,CNE1000000B8,28433701W,MP,-0.0008931214953611996,-0.0008931214953611996,0.494121335578525
2026-08-31,002131 CH Equity,CNE1000000F9,28434001W,MP,-0.0006501441605193766,-0.0006501441605193766,0.30812681819846477
2026-08-31,002138 CH Equity,CNE1000000M5,28503801W,MP,8.415291188823024e-05,8.415291188823024e-05,0.33169900461438984
2026-08-31,002142 CH Equity,CNE1000005P7,28587701W,MP,0.00012854687159298144,0.00012854687159298144,0.17897005092089355
2026-08-31,002152 CH Equity,CNE100000650,28574301W,MP,0.0005871736123278731,0.0005871736123278731,0.32099946176723315
2026-08-31,002155 CH Equity,CNE1000006B5,28580201W,MP,-0.00018997136060747827,-0.00018997136060747827,0.08588847260847393
2026-08-31,002156 CH Equity,CNE1000006C3,28580401W,MP,0.00038884147806720053,0.00038884147806720053,0.3907509239723966
2026-08-31,002157 CH Equity,CNE1000006H2,28583101W,MP,-7.680975015084842e-05,-7.680975015084842e-05,0.39902532504922233
2026-08-31,002179 CH Equity,CNE1000007T5,28706701W,MP,-0.0002460853809212191,-0.0002460853809212191,0.31136066372785765
2026-08-31,002180 CH Equity,CNE1000007W9,28706801W,MP,-0.0005478245602472938,-0.0005478245602472938,0.3935200907333992
2026-08-31,002185 CH Equity,CNE100000825,28719601W,MP,0.00036720598986169945,0.00036720598986169945,0.2737292896001476
2026-08-31,002195 CH Equity,CNE1000008K2,28750701W,MP,-0.0007495718530221074,-0.0007495718530221074,0.3960088083115754
2026-08-31,002202 CH Equity,CNE1000008S5,28768401W,MP,-0.0003786140210127949,-0.0003786140210127949,0.32730787523629185
2026-08-31,002223 CH Equity,CNE1000009X3,28865501W,MP,0.00029336598726785224,0.00029336598726785224,0.2312485967820179
2026-08-31,002230 CH Equity,CNE100000B81,28871001W,MP,0.00013485420409630594,0.00013485420409630594,0.23778841319036972
2026-08-31,002236 CH Equity,CNE100000BJ4,28883901W,MP,-5.069763148078905e-05,-5.069763148078905e-05,0.30537674262000375
2026-08-31,002240 CH Equity,CNE100000BN6,28883501W,MP,0.00018909077360666974,0.00018909077360666974,0.3356966250366477
2026-08-31,002241 CH Equity,CNE100000BP1,28883601W,MP,5.018696512864864e-05,5.018696512864864e-05,0.2331489531529007
2026-08-31,002252 CH Equity,CNE100000C31,28901601W,MP,-0.0002355850246525914,-0.0002355850246525914,0.22371329613636348
2026-08-31,002261 CH Equity,CNE100000CF0,28918401W,MP,0.00012511842505445237,0.00012511842505445237,0.21283932028636204
2026-08-31,002271 CH Equity,CNE100000CS3,28960801W,MP,5.3194065236062306e-05,5.3194065236062306e-05,0.2264627011625327
2026-08-31,002273 CH Equity,CNE100000CT1,28961001W,MP,0.00022275158733267437,0.00022275158733267437,0.21145900236349474
2026-08-31,002281 CH Equity,CNE100000F87,29246501W,MP,0.00020425286828946687,0.00020425286828946687,0.3798471346224428
2026-08-31,002294 CH Equity,CNE100000FW8,29267501W,MP,-3.7408385218444096e-05,-3.7408385218444096e-05,0.14070623515460673
2026-08-31,002304 CH Equity,CNE100000HB8,29301701W,MP,-0.0002561485565689955,-0.0002561485565689955,0.3264488558409552
2026-08-31,002311 CH Equity,CNE100000HP8,29316801W,MP,0.0006094310153038525,0.0006094310153038525,0.47431660344201404
2026-08-31,002340 CH Equity,CNE100000KT4,29372001W,MP,0.0002525400937538975,0.0002525400937538975,0.3580290934441376
2026-08-31,002352 CH Equity,CNE100000L63,29381101W,MP,-0.0004527743842850291,-0.0004527743842850291,0.47150080535705124
2026-08-31,002353 CH Equity,CNE100000L55,29381201W,MP,0.0009864370943441717,0.0009864370943441717,0.30890419226433685
2026-08-31,002371 CH Equity,CNE100000ML7,29404201W,MP,0.00020093359133242428,0.00020093359133242428,0.2157247915484126
2026-08-31,002384 CH Equity,CNE100000N79,29420401W,MP,-0.0002942969347072552,-0.0002942969347072552,0.4838879401955422
2026-08-31,002409 CH Equity,CNE100000PG0,29458701W,MP,0.00011545230192933377,0.00011545230192933377,0.19857297661989143
2026-08-31,002414 CH Equity,CNE100000RK8,29459201W,MP,-0.0005083008766386295,-0.0005083008766386295,0.35672574654246736
2026-08-31,002415 CH Equity,CNE100000PM8,29459401W,MP,0.0002229356305923229,0.0002229356305923229,0.27707051010923567
2026-08-31,002422 CH Equity,CNE100000PW7,29476001W,MP,-0.00029541307842948194,-0.00029541307842948194,0.15330795976499614
2026-08-31,002428 CH Equity,CNE100000Q27,29479701W,MP,-0.0001391054301401067,-0.0001391054301401067,0.13804768810133355
2026-08-31,002429 CH Equity,CNE100000Q50,29482001W,MP,0.0005629728351323761,0.0005629728351323761,0.4419164517493021
2026-08-31,002436 CH Equity,CNE100000QD5,29484201W,MP,-0.00028168626094272865,-0.00028168626094272865,0.24637724182476456
2026-08-31,002444 CH Equity,CNE100000RC5,29502601W,MP,-3.216480775187729e-05,-3.216480775187729e-05,0.3952652533642766
2026-08-31,002456 CH Equity,CNE100000S33,29502901W,MP,3.7005144384958066e-05,3.7005144384958066e-05,0.2995220388014283
2026-08-31,002459 CH Equity,CNE100000SD1,33550301W,MP,-0.000836933485278737,-0.000836933485278737,0.4867443309085483
2026-08-31,002460 CH Equity,CNE100000SF6,29513601W,MP,0.00010031292573245156,0.00010031292573245156,0.2958054766469953
2026-08-31,002463 CH Equity,CNE100000SP5,29513901W,MP,-3.4532070369864105e-05,-3.4532070369864105e-05,0.24821508782088791
2026-08-31,002465 CH Equity,CNE100000T24,29523901W,MP,-0.0011272649836889025,-0.0011272649836889025,0.4908027965007076
2026-08-31,002466 CH Equity,CNE100000T32,29524001W,MP,-2.6382516173000832e-05,-2.6382516173000832e-05,0.24006108254541275
2026-08-31,002472 CH Equity,CNE100000TF4,29531901W,MP,0.0002416887450749998,0.0002416887450749998,0.32952334927481075
2026-08-31,002475 CH Equity,CNE100000TP3,29532601W,MP,0.0002623507285134871,0.0002623507285134871,0.3109485516025328
2026-08-31,002484 CH Equity,CNE100000V79,29538701W,MP,-0.00014173367459758255,-0.00014173367459758255,0.42063421351712854
2026-08-31,002487 CH Equity,CNE100000VV7,29539001W,MP,0.00027549975756945477,0.00027549975756945477,0.2987696092808118
2026-08-31,002493 CH Equity,CNE100000W60,29566201W,MP,9.303613830152035e-06,9.303613830152035e-06,0.21927941159908113
2026-08-31,002517 CH Equity,CNE100000XB5,29586901W,MP,0.0003310077437104446,0.0003310077437104446,0.24978043254148813
2026-08-31,002555 CH Equity,CNE1000010N2,29684401W,MP,0.0003389493287637732,0.0003389493287637732,0.14360108856080697
2026-08-31,002558 CH Equity,CNE1000010R3,29685501W,MP,0.000760427649286119,0.000760427649286119,0.34770080746128157
2026-08-31,002594 CH Equity,CNE100001526,25375902W,MP,0.00039259477820554126,0.00039259477820554126,0.313847593166589
2026-08-31,002595 CH Equity,CNE1000014X3,29816201W,MP,-0.00033002998331695696,-0.00033002998331695696,0.32622515121450113
2026-08-31,002600 CH Equity,CNE1000015L5,29835401W,MP,0.0002508722265054594,0.0002508722265054594,0.45984308612572805
2026-08-31,002601 CH Equity,CNE1000015M3,29835301W,MP,1.7747944265258777e-06,1.7747944265258777e-06,0.2230121210252302
2026-08-31,002602 CH Equity,CNE1000015R2,29838701W,MP,-9.104491653591238e-06,-9.104491653591238e-06,0.3129233662861636
2026-08-31,002603 CH Equity,CNE1000015S0,29838801W,MP,0.0004103743693803631,0.0004103743693803631,0.2954394826868628
2026-08-31,002625 CH Equity,CNE1000018P0,30758701W,MP,-0.00026674034469100746,-0.00026674034469100746,0.28777996129782657
2026-08-31,002636 CH Equity,CNE1000019C6,30759301W,MP,4.326377355710572e-05,4.326377355710572e-05,0.35316909434582555
2026-08-31,002648 CH Equity,CNE100001B07,31141001W,MP,0.00034118768965244156,0.00034118768965244156,0.2230121210252302
2026-08-31,002653 CH Equity,CNE100001BC7,31142801W,MP,-6.464849964148092e-05,-6.464849964148092e-05,0.24150971298300897
2026-08-31,002673 CH Equity,CNE100001D96,31254501W,MP,0.0001250791106212011,0.0001250791106212011,0.1345536105407125
2026-08-31,002709 CH Equity,CNE100001RG4,31698501W,MP,-0.00013636233739756646,-0.00013636233739756646,0.28182845114873306
2026-08-31,002714 CH Equity,CNE100001RQ3,31703401W,MP,7.98599347785513e-05,7.98599347785513e-05,0.43679766603247977
2026-08-31,002736 CH Equity,CNE100001WS9,31897501W,MP,-0.00030129231577688136,-0.00030129231577688136,0.18989779016353675
2026-08-31,002738 CH Equity,CNE100001WV3,31888101W,MP,0.00028640979174583047,0.00028640979174583047,0.22089749153214228
2026-08-31,002797 CH Equity,CNE1000027G0,32163001W,MP,0.00010644094918605827,0.00010644094918605827,0.1390412584706366
2026-08-31,002812 CH Equity,CNE100002BR3,32245801W,MP,-7.286056350844865e-06,-7.286056350844865e-06,0.23013923320778948
2026-08-31,002821 CH Equity,CNE100002BZ6,32287801W,MP,-0.0002888365930389623,-0.0002888365930389623,0.17480609814000503
2026-08-31,002837 CH Equity,CNE100002CC3,32320601W,MP,0.00016132187751077067,0.00016132187751077067,0.44748393939483944
2026-08-31,002850 CH Equity,CNE100002JW6,32358701W,MP,0.0003529413932462602,0.0003529413932462602,0.29094190965169714
2026-08-31,002851 CH Equity,CNE100002JV8,32364201W,MP,-0.0005063109949972752,-0.0005063109949972752,0.44979439250888115
2026-08-31,002916 CH Equity,CNE100003373,32619401W,MP,0.00040760453300756576,0.00040760453300756576,0.27193905281674324
2026-08-31,002920 CH Equity,CNE1000033C7,32628001W,MP,-5.964689282004479e-05,-5.964689282004479e-05,0.3598151606961385
2026-08-31,002938 CH Equity,CNE100003GF5,32858301W,MP,0.0004757057581442338,0.0004757057581442338,0.4477667783515281
2026-08-31,002939 CH Equity,CNE100003GD0,32829201W,MP,-4.030490767380766e-05,-4.030490767380766e-05,0.09940767480420709
2026-08-31,002966 CH Equity,CNE100003LQ2,33262701W,MP,0.00014330895401248493,0.00014330895401248493,0.12689172824881545
2026-08-31,300001 CH Equity,CNE100000H69,29280201W,MP,0.00020187961696654615,0.00020187961696654615,0.2251155280806564
2026-08-31,300003 CH Equity,CNE100000H44,29280401W,MP,-5.244512090682935e-05,-5.244512090682935e-05,0.1939704509751848
2026-08-31,300014 CH Equity,CNE100000GS4,29284501W,MP,-1.238489721844237e-05,-1.238489721844237e-05,0.12333160780670875
2026-08-31,300015 CH Equity,CNE100000GR6,29284601W,MP,7.562117631372921e-05,7.562117631372921e-05,0.3188712088867498
2026-08-31,300017 CH Equity,CNE100000GQ8,29284801W,MP,3.545446776197586e-05,3.545446776197586e-05,0.25663448465494776
2026-08-31,300033 CH Equity,CNE100000JG3,29351501W,MP,-9.5678681414726e-05,-9.5678681414726e-05,0.28235293945626294
2026-08-31,300037 CH Equity,CNE100000K15,29360601W,MP,0.00025746139420646777,0.00025746139420646777,0.20542288993559432
2026-08-31,300054 CH Equity,CNE100000LM7,29382201W,MP,-0.0002695998703651672,-0.0002695998703651672,0.28064025297672995
2026-08-31,300058 CH Equity,CNE100000LV8,29404601W,MP,0.0008555272613782259,0.0008555272613782259,0.26275377257538973
2026-08-31,300059 CH Equity,CNE100000MD4,29421201W,MP,2.9639091025881326e-05,2.9639091025881326e-05,0.19852214782484906
2026-08-31,300115 CH Equity,CNE100000T40,29524801W,MP,0.0001012163114515841,0.0001012163114515841,0.12983631893993866
2026-08-31,300122 CH Equity,CNE100000V20,29534401W,MP,-0.00023634781626724846,-0.00023634781626724846,0.26757766057014215
2026-08-31,300124 CH Equity,CNE100000V46,29534601W,MP,0.0003816800394125264,0.0003816800394125264,0.2442213808163109
2026-08-31,300136 CH Equity,CNE100000W94,29568001W,MP,4.37085407738281e-05,4.37085407738281e-05,0.42767073035977277
2026-08-31,300207 CH Equity,CNE100001260,29716101W,MP,-0.0001411848807307382,-0.0001411848807307382,0.5081065995567503
2026-08-31,300223 CH Equity,CNE100001377,29788801W,MP,-0.0003164578417699537,-0.0003164578417699537,0.4137539353584779
2026-08-31,300251 CH Equity,CNE100001617,29839701W,MP,-0.0006423410247897811,-0.0006423410247897811,0.321709459297617
2026-08-31,300255 CH Equity,CNE1000016C2,29867201W,MP,-0.00038825044262258163,-0.00038825044262258163,0.19745853547469777
2026-08-31,300274 CH Equity,CNE1000018M7,30639201W,MP,0.0006107360858950718,0.0006107360858950718,0.41924399377208543
2026-08-31,300285 CH Equity,CNE100001FB0,31143201W,MP,-0.0001059917291667595,-0.0001059917291667595,0.23203717931571227
2026-08-31,300308 CH Equity,CNE100001CY9,31216101W,MP,0.0003909326435357889,0.0003909326435357889,0.509354014946702
2026-08-31,300316 CH Equity,CNE100001DJ8,31255301W,MP,-0.0003533018148290656,-0.0003533018148290656,0.3197817890967142
2026-08-31,300339 CH Equity,CNE100001JT4,31306901W,MP,0.00044876474582369045,0.00044876474582369045,0.30203029366568473
2026-08-31,300346 CH Equity,CNE100001K48,31336701W,MP,0.00015667138714932116,0.00015667138714932116,0.15602623253837247
2026-08-31,300347 CH Equity,CNE100001KV8,31347901W,MP,-0.00016110359224350964,-0.00016110359224350964,0.22667374818315605
2026-08-31,300390 CH Equity,CNE100001XM0,31812901W,MP,-8.391596904713271e-05,-8.391596904713271e-05,0.04530930217715673
2026-08-31,300394 CH Equity,CNE100001XQ1,31925201W,MP,-5.51448052844751e-05,-5.51448052844751e-05,0.3818759669497926
2026-08-31,300395 CH Equity,CNE100001XR9,31832001W,MP,-0.00018997136060747827,-0.00018997136060747827,0.08588847260847393
2026-08-31,300408 CH Equity,CNE100001Y42,31876201W,MP,9.733565692418438e-05,9.733565692418438e-05,0.19994564559001887
2026-08-31,300418 CH Equity,CNE100001YF2,31903801W,MP,-0.00028372231518456847,-0.00028372231518456847,0.3743989410235877
2026-08-31,300433 CH Equity,CNE100001YW7,31937201W,MP,-8.359562309102916e-05,-8.359562309102916e-05,0.37525168702970535
2026-08-31,300442 CH Equity,CNE100001Z58,31960901W,MP,-0.0002574722101605866,-0.0002574722101605866,0.260706949888844
2026-08-31,300450 CH Equity,CNE100001ZF9,31970601W,MP,-0.00026667942695525996,-0.00026667942695525996,0.5465406517861223
2026-08-31,300454 CH Equity,CNE1000033T1,32723301W,MP,0.0002455551276958843,0.0002455551276958843,0.1575338296681304
2026-08-31,300474 CH Equity,CNE100002664,32145701W,MP,-0.0007715493367754319,-0.0007715493367754319,0.3699508892064954
2026-08-31,300475 CH Equity,CNE1000020T8,31982701W,MP,0.0003456747529125686,0.0003456747529125686,0.318270319527471
2026-08-31,300476 CH Equity,CNE1000020V4,31985801W,MP,0.00019586418711626773,0.00019586418711626773,0.29394078993274664
2026-08-31,300487 CH Equity,CNE100002136,32002301W,MP,-5.1072348743361956e-05,-5.1072348743361956e-05,0.20953234171632013
2026-08-31,300496 CH Equity,CNE1000021D0,32096101W,MP,-0.0002784527386960989,-0.0002784527386960989,0.24930634275794675
2026-08-31,300498 CH Equity,CNE100002508,32066801W,MP,0.0001750025614006517,0.0001750025614006517,0.3989801260994633
2026-08-31,300502 CH Equity,CNE100002615,32133601W,MP,0.0005864268610645537,0.0005864268610645537,0.6126392887635126
2026-08-31,300548 CH Equity,CNE100002D38,32262901W,MP,0.0005641436012744089,0.0005641436012744089,0.3675745953079782
2026-08-31,300567 CH Equity,CNE100002DN8,32290201W,MP,-0.00035353151421147654,-0.00035353151421147654,0.34463532177987943
2026-08-31,300604 CH Equity,CNE100002Q09,32399601W,MP,0.0003935877611771728,0.0003935877611771728,0.39544927899018495
2026-08-31,300620 CH Equity,CNE100002PK8,32367801W,MP,-6.435753371224285e-05,-6.435753371224285e-05,0.21311934571739297
2026-08-31,300628 CH Equity,CNE100002PC5,32373301W,MP,0.00022140852826614129,0.00022140852826614129,0.24907803274109963
2026-08-31,300661 CH Equity,CNE100002NT4,32470501W,MP,0.0005054333147939629,0.0005054333147939629,0.3318607381018857
2026-08-31,300666 CH Equity,CNE100002NL1,32477401W,MP,-8.907011502181212e-05,-8.907011502181212e-05,0.31616381861827614
2026-08-31,300748 CH Equity,CNE100003G83,32845801W,MP,6.487233053203718e-05,6.487233053203718e-05,0.2777471178607775
2026-08-31,300750 CH Equity,CNE100003662,32741501W,MP,-0.00011952349399063412,-0.00011952349399063412,0.1796348159739038
2026-08-31,300751 CH Equity,CNE100003FS0,32935601W,MP,-0.00024078069547479793,-0.00024078069547479793,0.4061555161843882
2026-08-31,300757 CH Equity,CNE100003JT0,33165201W,MP,-0.0007065948592816101,-0.0007065948592816101,0.39962536783623276
2026-08-31,300759 CH Equity,CNE100003JW4,33165401W,MP,-0.0001427946317460266,-0.0001427946317460266,0.24194742996133234
2026-08-31,300760 CH Equity,CNE100003G67,32896601W,MP,9.713776043743894e-05,9.713776043743894e-05,0.08422812925457572
2026-08-31,300765 CH Equity,CNE100003K04,33129401W,MP,-0.0004074108820677473,-0.0004074108820677473,0.2321259464693095
2026-08-31,300782 CH Equity,CNE100003QK4,33263901W,MP,-0.0008621005136597751,-0.0008621005136597751,0.5644543994513512
2026-08-31,300803 CH Equity,CNE000001QQ6,33497501W,MP,-5.718982031070665e-05,-5.718982031070665e-05,0.20967233906501226
2026-08-31,300832 CH Equity,CNE100003T39,33837401W,MP,1.2365477671221743e-05,1.2365477671221743e-05,0.1337788460408427
2026-08-31,300857 CH Equity,CNE100004173,34525801W,MP,0.0004967163722394169,0.0004967163722394169,0.35795513525164063
2026-08-31,300866 CH Equity,CNE1000047B9,33949401W,MP,0.00013404936505411873,0.00013404936505411873,0.1956803835337082
2026-08-31,300896 CH Equity,CNE100004868,34019201W,MP,5.776816856057222e-05,5.776816856057222e-05,0.13583416518371932
2026-08-31,300919 CH Equity,CNE1000049X9,34607201W,MP,-0.0007184216336049465,-0.0007184216336049465,0.4412832780911401
2026-08-31,301236 CH Equity,CNE1000058S0,18604101W,MP,9.73347770216156e-05,9.73347770216156e-05,0.22424343757224244
2026-08-31,301269 CH Equity,CNE100005GY1,35399801W,MP,-0.0001649475913305852,-0.0001649475913305852,0.1406777171244293
2026-08-31,301308 CH Equity,CNE100005K10,35384701W,MP,-0.00012041515255927154,-0.00012041515255927154,0.623823564549198
2026-08-31,301358 CH Equity,CNE100005YS6,35566601W,MP,-0.00032015520002883505,-0.00032015520002883505,0.623789547058905
2026-08-31,301550 CH Equity,CNE1000068M2,35831301W,MP,-0.0004024758328782708,-0.0004024758328782708,0.16375368366853774
2026-08-31,600000 CH Equity,CNE0000011B7,24382901W,MP,-0.000518707875157464,-0.000518707875157464,0.2811527654065925
2026-08-31,600009 CH Equity,CNE000000V89,24363201W,MP,-4.191605050433866e-05,-4.191605050433866e-05,0.5360955174098039
2026-08-31,600010 CH Equity,CNE0000017H1,25133401W,MP,8.391596904713271e-05,8.391596904713271e-05,0.04530930217715673
2026-08-31,600011 CH Equity,CNE000001998,03074702W,MP,0.00033773950531115396,0.00033773950531115396,0.32468062993652974
2026-08-31,600015 CH Equity,CNE000001FW7,26001001W,MP,-0.00010379779828051584,-0.00010379779828051584,0.33295967645062163
2026-08-31,600016 CH Equity,CNE0000015Y0,24948201W,MP,-0.0001715697474134277,-0.0001715697474134277,0.16007002793650305
2026-08-31,600019 CH Equity,CNE0000015R4,24947901W,MP,-0.000291392415148552,-0.000291392415148552,0.2408103427751278
2026-08-31,600021 CH Equity,CNE000001G53,26016301W,MP,-0.0006099980668703884,-0.0006099980668703884,0.22191938342254836
2026-08-31,600023 CH Equity,CNE100001SP3,31693701W,MP,0.0001777930750230554,0.0001777930750230554,0.37259208385657255
2026-08-31,600026 CH Equity,CNE000001BD6,21175902W,MP,-4.9367684143389174e-05,-4.9367684143389174e-05,0.32175164076206286
2026-08-31,600027 CH Equity,CNE000001LJ2,23602502W,MP,-0.00013943018328711222,-0.00013943018328711222,0.386917001197056
2026-08-31,600028 CH Equity,CNE0000018G1,14075602W,MP,0.00010213897815146623,0.00010213897815146623,0.31178638806470643
2026-08-31,600029 CH Equity,CNE000001FG0,20580902W,MP,5.014236190599826e-05,5.014236190599826e-05,0.36573627247466955
2026-08-31,600030 CH Equity,CNE000001DB6,25712001W,MP,0.0001045273794730649,0.0001045273794730649,0.2275602378707142
2026-08-31,600031 CH Equity,CNE000001F70,26012701W,MP,0.0002934570848744419,0.0002934570848744419,0.3865362196962437
2026-08-31,600036 CH Equity,CNE000001B33,25402301W,MP,-6.920644494631241e-05,-6.920644494631241e-05,0.07896536851011915
2026-08-31,600039 CH Equity,CNE000001DQ4,27075201W,MP,-0.0005201756816615886,-0.0005201756816615886,0.4303258501457767
2026-08-31,600050 CH Equity,CNE000001CS2,25736201W,MP,-0.00014439796602291056,-0.00014439796602291056,0.3398984193185378
2026-08-31,600060 CH Equity,CNE000000PF3,24379501W,MP,0.0003391312062561666,0.0003391312062561666,0.34654751433003544
2026-08-31,600061 CH Equity,CNE000000Q11,27244501W,MP,2.787731382367688e-05,2.787731382367688e-05,0.15609356530169724
2026-08-31,600066 CH Equity,CNE000000PY4,26027901W,MP,-0.00038990476027769583,-0.00038990476027769583,0.4847035078023691
2026-08-31,600085 CH Equity,CNE000000R69,25130201W,MP,0.00033687073622546337,0.00033687073622546337,0.27575139964077194
2026-08-31,600089 CH Equity,CNE000000RB8,27104701W,MP,0.00022491805116657784,0.00022491805116657784,0.2624260056838266
2026-08-31,600096 CH Equity,CNE000000S01,27087001W,MP,-5.939466815061086e-05,-5.939466815061086e-05,0.03989114838965242
2026-08-31,600104 CH Equity,CNE000000TY6,24380401W,MP,-0.0006258766931217962,-0.0006258766931217962,0.34275087426212
2026-08-31,600105 CH Equity,CNE000000T83,27197501W,MP,0.0002577553797184272,0.0002577553797184272,0.2254718614311736
2026-08-31,600109 CH Equity,CNE000000SV4,27202001W,MP,0.00019696105311294685,0.00019696105311294685,0.14807149212095982
2026-08-31,600111 CH Equity,CNE000000T18,27104401W,MP,0.00013903977174429698,0.00013903977174429698,0.23522726106351516
2026-08-31,600115 CH Equity,CNE000000TR0,06433602W,MP,0.000132350588627877,0.000132350588627877,0.4685960920381934
2026-08-31,600118 CH Equity,CNE000000SM3,27193701W,MP,-8.896991948936077e-05,-8.896991948936077e-05,0.3952672808536367
2026-08-31,600141 CH Equity,CNE000000ZC9,27209501W,MP,-0.00037381797714233127,-0.00037381797714233127,0.1701648834907058
2026-08-31,600143 CH Equity,CNE000001JP3,27068101W,MP,0.00018982031075017925,0.00018982031075017925,0.05499513387186748
2026-08-31,600150 CH Equity,CNE000000W05,27122801W,MP,-7.1146654026800365e-06,-7.1146654026800365e-06,0.4430163614675385
2026-08-31,600153 CH Equity,CNE000000WL7,26023401W,MP,-0.00023313893403154558,-0.00023313893403154558,0.4915287345491842
2026-08-31,600157 CH Equity,CNE000000WD4,27201501W,MP,0.0005249955187828875,0.0005249955187828875,0.3800227047702158
2026-08-31,600160 CH Equity,CNE000000WQ6,27118001W,MP,-0.0001601277342460876,-0.0001601277342460876,0.12577962099812634
2026-08-31,600161 CH Equity,CNE000000WF9,25983201W,MP,-0.00018582170565154888,-0.00018582170565154888,0.23672379128649018
2026-08-31,600176 CH Equity,CNE000000YM1,25990501W,MP,0.0004818452549739795,0.0004818452549739795,0.2264627011625327
2026-08-31,600183 CH Equity,CNE000000XL5,25699301W,MP,0.000467669357664771,0.000467669357664771,0.5208054406280926
2026-08-31,600188 CH Equity,CNE000000WV6,10889302W,MP,0.00012151431406161577,0.00012151431406161577,0.23540704917146826
2026-08-31,600196 CH Equity,CNE000000X38,26012201W,MP,0.00010898480214020154,0.00010898480214020154,0.1970646474705483
2026-08-31,600219 CH Equity,CNE000001139,26013801W,MP,0.0003020645207227361,0.0003020645207227361,0.26832142320238694
2026-08-31,600221 CH Equity,CNE0000011C5,22065502W,MP,-9.476331867674316e-05,-9.476331867674316e-05,0.2579910659580073
2026-08-31,600233 CH Equity,CNE0000012J8,27215901W,MP,0.0003175375863473889,0.0003175375863473889,0.3348518781605778
2026-08-31,600256 CH Equity,CNE0000012G4,25133801W,MP,0.0001292836399442006,0.0001292836399442006,0.16088043508465083
2026-08-31,600276 CH Equity,CNE0000014W7,27108501W,MP,7.686462838272822e-05,7.686462838272822e-05,0.12591231584609605
2026-08-31,600282 CH Equity,CNE0000014Q9,26008401W,MP,-0.00011338004979856015,-0.00011338004979856015,0.09115357283537084
2026-08-31,600298 CH Equity,CNE0000014G0,27220501W,MP,-6.898370181623973e-05,-6.898370181623973e-05,0.4140873581723579
2026-08-31,600309 CH Equity,CNE0000016J9,26026701W,MP,7.60912078063463e-05,7.60912078063463e-05,0.11572317318908272
2026-08-31,600332 CH Equity,CNE000001733,22497602W,MP,0.00016354494282066928,0.00016354494282066928,0.17320451658729047
2026-08-31,600346 CH Equity,CNE0000018V0,27231201W,MP,3.6970118780515914e-05,3.6970118780515914e-05,0.16801698715336272
2026-08-31,600348 CH Equity,CNE000001FP1,26016901W,MP,-0.00045075867676418305,-0.00045075867676418305,0.13376009292841487
2026-08-31,600352 CH Equity,CNE000001FJ4,26027601W,MP,7.943061141621441e-05,7.943061141621441e-05,0.11181780027308114
2026-08-31,600362 CH Equity,CNE0000019P0,20302402W,MP,0.00022145227263043797,0.00022145227263043797,0.12774719464832812
2026-08-31,600369 CH Equity,CNE0000016P6,27217701W,MP,-7.997428621369404e-05,-7.997428621369404e-05,0.11351283632617726
2026-08-31,600372 CH Equity,CNE0000018C0,27223101W,MP,-0.00016463692158889584,-0.00016463692158889584,0.31322336672490964
2026-08-31,600378 CH Equity,CNE0000016V4,27219201W,MP,-0.00031241471925453284,-0.00031241471925453284,0.2285422756719206
2026-08-31,600392 CH Equity,CNE000001DZ5,27073301W,MP,-0.0001601277342460876,-0.0001601277342460876,0.12577962099812634
2026-08-31,600398 CH Equity,CNE0000016H3,25988901W,MP,5.388331746888289e-05,5.388331746888289e-05,0.21864038644085043
2026-08-31,600406 CH Equity,CNE000001G38,27051001W,MP,0.00017033790539728314,0.00017033790539728314,0.34251734604459083
2026-08-31,600415 CH Equity,CNE000001BC8,27071401W,MP,-0.00012164996049189345,-0.00012164996049189345,0.3499971808398404
2026-08-31,600418 CH Equity,CNE0000018M9,26003201W,MP,-0.00015674302875805278,-0.00015674302875805278,0.42658882776453955
2026-08-31,600426 CH Equity,CNE000001BM7,27073701W,MP,-3.9876777335052225e-05,-3.9876777335052225e-05,0.02153093117604666
2026-08-31,600436 CH Equity,CNE000001F21,27072001W,MP,-0.00022926219958079987,-0.00022926219958079987,0.2898565611627421
2026-08-31,600438 CH Equity,CNE000001GS3,27037701W,MP,-0.0009551993741481132,-0.0009551993741481132,0.526774663602239
2026-08-31,600460 CH Equity,CNE000001DN1,27069001W,MP,0.00015567876418786825,0.00015567876418786825,0.3010977603187444
2026-08-31,600482 CH Equity,CNE000001KB1,27075401W,MP,0.0007274397468530675,0.0007274397468530675,0.3816239501154618
2026-08-31,600487 CH Equity,CNE000001FQ9,26003401W,MP,0.0003494102942738261,0.0003494102942738261,0.4319684024435213
2026-08-31,600489 CH Equity,CNE000001FM8,27069701W,MP,0.0005005287441474369,0.0005005287441474369,0.24889921693396966
2026-08-31,600497 CH Equity,CNE000001HC5,27036201W,MP,0.00011092778568964878,0.00011092778568964878,0.3890948013726463
2026-08-31,600498 CH Equity,CNE0000018P2,25131601W,MP,3.443920284774818e-05,3.443920284774818e-05,0.35500929286290606
2026-08-31,600519 CH Equity,CNE0000018R8,25132101W,MP,0.0003244438971593679,0.0003244438971593679,0.33734123835136703
2026-08-31,600521 CH Equity,CNE000001DL5,27042301W,MP,-0.0005569634726197584,-0.0005569634726197584,0.35004793512907256
2026-08-31,600522 CH Equity,CNE000001CW4,27076201W,MP,0.0002457119724659252,0.0002457119724659252,0.3561797903170504
2026-08-31,600535 CH Equity,CNE000001C81,26021901W,MP,0.000181236448733108,0.000181236448733108,0.27732117373178866
2026-08-31,600536 CH Equity,CNE000001BB0,25996501W,MP,-0.0005016516834869891,-0.0005016516834869891,0.22409151091201435
2026-08-31,600547 CH Equity,CNE000001FR7,27034601W,MP,-0.00035957961911103285,-0.00035957961911103285,0.2046519038116244
2026-08-31,600549 CH Equity,CNE000001D15,27072601W,MP,0.00026727831146030896,0.00026727831146030896,0.2807014911647802
2026-08-31,600563 CH Equity,CNE000001D72,25712701W,MP,-1.6236024092124036e-05,-1.6236024092124036e-05,0.3214591737920508
2026-08-31,600570 CH Equity,CNE000001GD5,27039501W,MP,-0.00011161232836412417,-0.00011161232836412417,0.1715134479685876
2026-08-31,600580 CH Equity,CNE000001BJ3,27070201W,MP,0.00015988351013487842,0.00015988351013487842,0.22033453121819202
2026-08-31,600583 CH Equity,CNE0000019T2,25403401W,MP,-0.00010200794084686822,-0.00010200794084686822,0.19335575568927554
2026-08-31,600584 CH Equity,CNE000001F05,27071501W,MP,0.0002796169690599502,0.0002796169690599502,0.2574061767214693
2026-08-31,600585 CH Equity,CNE0000019V8,21683902W,MP,-0.00027728381083565493,-0.00027728381083565493,0.16801698715336272
2026-08-31,600588 CH Equity,CNE0000017Y6,25900001W,MP,-0.00021002866847885578,-0.00021002866847885578,0.14369284060342544
2026-08-31,600600 CH Equity,CNE0000009Y3,20924401W,MP,7.508390893777944e-05,7.508390893777944e-05,0.28457209966974156
2026-08-31,600601 CH Equity,CNE0000001S2,24582801W,MP,0.00020479539460162283,0.00020479539460162283,0.3951804340872974
2026-08-31,600637 CH Equity,CNE0000004Z1,24383601W,MP,-6.906523467632199e-05,-6.906523467632199e-05,0.1267213241476573
2026-08-31,600642 CH Equity,CNE0000005Q7,23732801W,MP,-0.00031980760554675496,-0.00031980760554675496,0.20444496019849795
2026-08-31,600660 CH Equity,CNE000000230,25900501W,MP,0.0001450066619895034,0.0001450066619895034,0.1248916421256868
2026-08-31,600673 CH Equity,CNE000000BL1,24375201W,MP,-0.00035808295509383764,-0.00035808295509383764,0.19223078314780984
2026-08-31,600674 CH Equity,CNE000000BQ0,24386001W,MP,0.0002785284889287425,0.0002785284889287425,0.38325873611381556
2026-08-31,600690 CH Equity,CNE000000CG9,21337801W,MP,-0.00039268215383351135,-0.00039268215383351135,0.4389691788490116
2026-08-31,600699 CH Equity,CNE000000DJ1,24376401W,MP,-0.00011168567098534769,-0.00011168567098534769,0.3903089853086026
2026-08-31,600703 CH Equity,CNE000000KB3,27254101W,MP,-4.058516143576484e-06,-4.058516143576484e-06,0.31494559833005215
2026-08-31,600704 CH Equity,CNE000000KF4,27248801W,MP,-0.0004923823587241478,-0.0004923823587241478,0.2058142708192305
2026-08-31,600711 CH Equity,CNE000000KN8,27248201W,MP,0.00018982031075017925,0.00018982031075017925,0.05499513387186748
2026-08-31,600733 CH Equity,CNE000000LP1,32912201W,MP,-0.0007413543076432264,-0.0007413543076432264,0.4978965757151052
2026-08-31,600737 CH Equity,CNE000000LH8,25133501W,MP,-0.0004162949706826663,-0.0004162949706826663,0.3967746293202531
2026-08-31,600741 CH Equity,CNE000000M15,26009901W,MP,0.0003995931677756281,0.0003995931677756281,0.2639789042088326
2026-08-31,600760 CH Equity,CNE000000MH6,27237701W,MP,-0.0006069299111231567,-0.0006069299111231567,0.42575727121084334
2026-08-31,600795 CH Equity,CNE000000PC0,25134701W,MP,-0.0003222670200859646,-0.0003222670200859646,0.21052621383415449
2026-08-31,600803 CH Equity,CNE000000DG7,27234001W,MP,-0.0002454511270747678,-0.0002454511270747678,0.5423838133787854
2026-08-31,600809 CH Equity,CNE000000DH5,24384701W,MP,-0.0002570644254986415,-0.0002570644254986415,0.18296874050152784
2026-08-31,600839 CH Equity,CNE000000GJ4,24385901W,MP,0.00031472596541352546,0.00031472596541352546,0.21563770170686752
2026-08-31,600845 CH Equity,CNE000000C66,20834501W,MP,-0.000625761078372939,-0.000625761078372939,0.4193124282900786
2026-08-31,600862 CH Equity,CNE000000GZ0,27236901W,MP,-0.0002160731694677497,-0.0002160731694677497,0.26016923773132594
2026-08-31,600863 CH Equity,CNE000000GN6,24374501W,MP,-0.000338324256780085,-0.000338324256780085,0.47562930454815516
2026-08-31,600873 CH Equity,CNE000000HP9,21338301W,MP,-5.9545718007909896e-05,-5.9545718007909896e-05,0.18077475486999384
2026-08-31,600875 CH Equity,CNE000000J28,22146802W,MP,-0.0003185551173767758,-0.0003185551173767758,0.23458593740103972
2026-08-31,600879 CH Equity,CNE000000J93,26007601W,MP,-0.0003324580970365202,-0.0003324580970365202,0.2901651055552731
2026-08-31,600885 CH Equity,CNE000000JK6,27245701W,MP,3.329826356550801e-05,3.329826356550801e-05,0.4163321511785139
2026-08-31,600886 CH Equity,CNE000000JM2,27020201W,MP,-0.00021806866941498872,-0.00021806866941498872,0.3719206412203229
2026-08-31,600887 CH Equity,CNE000000JP5,26002901W,MP,0.0004786965479747958,0.0004786965479747958,0.31299503621896474
2026-08-31,600893 CH Equity,CNE000000JW1,27233301W,MP,-2.5140756610799285e-05,-2.5140756610799285e-05,0.24791715119308444
2026-08-31,600900 CH Equity,CNE000001G87,25954101W,MP,0.0007728900437686571,0.0007728900437686571,0.37852437150663387
2026-08-31,600901 CH Equity,CNE100002SX5,32661601W,MP,-3.39651910843505e-05,-3.39651910843505e-05,0.209272124586254
2026-08-31,600905 CH Equity,CNE1000051F2,34768301W,MP,-0.00035997295445259884,-0.00035997295445259884,0.4036315769157617
2026-08-31,600909 CH Equity,CNE100002GR2,32297801W,MP,-9.168106733366456e-05,-9.168106733366456e-05,0.1178195338575091
2026-08-31,600919 CH Equity,CNE100002G76,32205501W,MP,-4.139919746792943e-05,-4.139919746792943e-05,0.3424724907528814
2026-08-31,600926 CH Equity,CNE100002GQ4,32272701W,MP,0.00011496853148097251,0.00011496853148097251,0.23458420700359778
2026-08-31,600938 CH Equity,CNE100005980,14254006W,MP,-0.00018758929881341246,-0.00018758929881341246,0.24121172606378358
2026-08-31,600941 CH Equity,CNE1000055G1,06566206W,MP,-0.00012442748777835078,-0.00012442748777835078,0.19966007785803153
2026-08-31,600958 CH Equity,CNE100001ZV6,31943401W,MP,5.663950445358715e-05,5.663950445358715e-05,0.13822590320536876
2026-08-31,600985 CH Equity,CNE000001HH4,32942101W,MP,-0.00032558868482703257,-0.00032558868482703257,0.172932593663119
2026-08-31,600988 CH Equity,CNE000001H94,27038901W,MP,-0.00043093328251913015,-0.00043093328251913015,0.18077475486999384
2026-08-31,600989 CH Equity,CNE100003LF5,33190101W,MP,0.0003736041957784402,0.0003736041957784402,0.2132650511424692
2026-08-31,600998 CH Equity,CNE100000W45,29569301W,MP,0.0002504348500333013,0.0002504348500333013,0.169097896958675
2026-08-31,600999 CH Equity,CNE100000HK9,29316901W,MP,6.278187326663368e-05,6.278187326663368e-05,0.05685634489007019
2026-08-31,601006 CH Equity,CNE000001NG4,27832101W,MP,-0.00047934038777702244,-0.00047934038777702244,0.4326072990792294
2026-08-31,601009 CH Equity,CNE100000627,28587601W,MP,-0.00016676638030853886,-0.00016676638030853886,0.15341708190594056
2026-08-31,601012 CH Equity,CNE100001FR6,31216901W,MP,-0.0007886354762074333,-0.0007886354762074333,0.5691822233797197
2026-08-31,601021 CH Equity,CNE100001V45,31888401W,MP,0.0004998141677333598,0.0004998141677333598,0.529756695325634
2026-08-31,601058 CH Equity,CNE1000015F7,29815401W,MP,1.2100706846034267e-05,1.2100706846034267e-05,0.22884134199407127
2026-08-31,601066 CH Equity,CNE1000031T5,32298603W,MP,6.863063677908806e-05,6.863063677908806e-05,0.21096983074132325
2026-08-31,601077 CH Equity,CNE100003NZ9,29631103W,MP,-0.0004706291532336574,-0.0004706291532336574,0.25302093795899044
2026-08-31,601088 CH Equity,CNE100000767,27315302W,MP,0.00048472931805333783,0.00048472931805333783,0.1709976442445594
2026-08-31,601099 CH Equity,CNE1000008V9,28774601W,MP,6.807200613742211e-05,6.807200613742211e-05,0.1164234505052031
2026-08-31,601100 CH Equity,CNE1000019R4,30319201W,MP,0.0004978471933568266,0.0004978471933568266,0.35383351480946357
2026-08-31,601108 CH Equity,CNE100002V44,32572501W,MP,0.00010068118538255591,0.00010068118538255591,0.1421179563451515
2026-08-31,601111 CH Equity,CNE000001NN0,27146702W,MP,-0.0001597850757722032,-0.0001597850757722032,0.3959943858493656
2026-08-31,601117 CH Equity,CNE100000KC0,29361201W,MP,0.0006766726159463464,0.0006766726159463464,0.43191259572903473
2026-08-31,601127 CH Equity,CNE1000028B9,32180201W,MP,0.0003660916815704058,0.0003660916815704058,0.4071446813976631
2026-08-31,601128 CH Equity,CNE100002RJ6,32256201W,MP,1.4127250390871411e-05,1.4127250390871411e-05,0.2888022359618325
2026-08-31,601138 CH Equity,CNE1000031P3,32738601W,MP,0.0006797717976406868,0.0006797717976406868,0.48919302955341976
2026-08-31,601162 CH Equity,CNE100003F43,32806701W,MP,6.222079591230709e-05,6.222079591230709e-05,0.12303345138676515
2026-08-31,601166 CH Equity,CNE000001QZ7,28248301W,MP,-9.477337950466665e-05,-9.477337950466665e-05,0.11159484908663278
2026-08-31,601168 CH Equity,CNE100000619,28541101W,MP,0.0006244721266299098,0.0006244721266299098,0.34281159277214407
2026-08-31,601169 CH Equity,CNE100000734,28610901W,MP,-0.00024837570390658537,-0.00024837570390658537,0.2817614871891688
2026-08-31,601179 CH Equity,CNE100000KW8,29372801W,MP,-0.00012077252853279209,-0.00012077252853279209,0.30672917115546716
2026-08-31,601186 CH Equity,CNE1000009T1,28841402W,MP,-0.00023467058754875704,-0.00023467058754875704,0.29315347492914834
2026-08-31,601198 CH Equity,CNE100002177,31928401W,MP,0.0002632922954043848,0.0002632922954043848,0.1902486817959413
2026-08-31,601211 CH Equity,CNE1000022F3,31995701W,MP,0.00012307003981157998,0.00012307003981157998,0.15463232661836962
2026-08-31,601212 CH Equity,CNE100002RP3,32355301W,MP,0.00011375959540852338,0.00011375959540852338,0.08520045056680915
2026-08-31,601216 CH Equity,CNE1000010F8,29686701W,MP,0.0,0.0,0.0
2026-08-31,601225 CH Equity,CNE100001T64,31705701W,MP,-7.440079444316766e-05,-7.440079444316766e-05,0.19209891717697863
2026-08-31,601229 CH Equity,CNE100002FM5,32288601W,MP,3.569634293660422e-05,3.569634293660422e-05,0.1844169863028789
2026-08-31,601231 CH Equity,CNE100001BZ8,31164401W,MP,-4.441450508516959e-06,-4.441450508516959e-06,0.3740393918160377
2026-08-31,601233 CH Equity,CNE1000012X7,29730101W,MP,-0.0002452365059373837,-0.0002452365059373837,0.20068760611297937
2026-08-31,601288 CH Equity,CNE100000RJ0,26978301W,MP,-0.00020094789727129403,-0.00020094789727129403,0.24161177569843675
2026-08-31,601318 CH Equity,CNE000001R84,16070902W,MP,0.00041967236581908634,0.00041967236581908634,0.20983231049009687
2026-08-31,601319 CH Equity,CNE100003F27,31421406W,MP,0.00029623129171312993,0.00029623129171312993,0.18620653390753883
2026-08-31,601328 CH Equity,CNE1000000S2,26746202W,MP,-0.0003257153577711054,-0.0003257153577711054,0.1658926672483354
2026-08-31,601336 CH Equity,CNE1000019Y0,31039501W,MP,0.000442359017428316,0.000442359017428316,0.3026487198300398
2026-08-31,601360 CH Equity,CNE100002RZ2,18671701W,MP,0.0001168823996010168,0.0001168823996010168,0.2758054964469143
2026-08-31,601377 CH Equity,CNE100000V95,29537901W,MP,-9.420338781504802e-06,-9.420338781504802e-06,0.21345507634874403
2026-08-31,601390 CH Equity,CNE100000866,28731101W,MP,-0.0001591309580823769,-0.0001591309580823769,0.3042496140666553
2026-08-31,601398 CH Equity,CNE000001P37,27937802W,MP,-0.00013473394828495238,-0.00013473394828495238,0.1601112017098659
2026-08-31,601456 CH Equity,CNE1000041D8,32001602W,MP,8.145628442915385e-05,8.145628442915385e-05,0.13756924624715378
2026-08-31,601555 CH Equity,CNE1000019P8,31039601W,MP,0.0003619875199553248,0.0003619875199553248,0.2808302781830048
2026-08-31,601577 CH Equity,CNE100003F50,32832601W,MP,6.03252343177148e-05,6.03252343177148e-05,0.2983065491511482
2026-08-31,601600 CH Equity,CNE1000000T0,14635202W,MP,9.100580691883184e-07,9.100580691883184e-07,0.25390545976183665
2026-08-31,601601 CH Equity,CNE1000008M8,28768601W,MP,0.00026019760505067866,0.00026019760505067866,0.2982976661959269
2026-08-31,601607 CH Equity,CNE000000C82,26012601W,MP,0.0002911222343706032,0.0002911222343706032,0.2428485870489514
2026-08-31,601615 CH Equity,CNE100003HQ0,33080601W,MP,-0.00040971695116705074,-0.00040971695116705074,0.3976951001765217
2026-08-31,601618 CH Equity,CNE100000FX6,29267601W,MP,0.0003311220259756625,0.0003311220259756625,0.37110549177735586
2026-08-31,601628 CH Equity,CNE000001Q93,25950302W,MP,0.00018940150415806334,0.00018940150415806334,0.22438872390213627
2026-08-31,601658 CH Equity,CNE100003PZ4,32249402W,MP,-3.2572096762723227e-05,-3.2572096762723227e-05,0.15156658668589015
2026-08-31,601665 CH Equity,CNE100005154,34857501W,MP,-1.3891224636294476e-05,-1.3891224636294476e-05,0.08055730062908992
2026-08-31,601668 CH Equity,CNE100000F46,29243101W,MP,-4.74170691968429e-05,-4.74170691968429e-05,0.337968963772158
2026-08-31,601669 CH Equity,CNE1000017G1,30319701W,MP,-6.0894688776472835e-06,-6.0894688776472835e-06,0.19254593341173787
2026-08-31,601688 CH Equity,CNE100000LQ8,29404801W,MP,-0.00019020168312807275,-0.00019020168312807275,0.17806788521086891
2026-08-31,601689 CH Equity,CNE1000023J3,31939401W,MP,0.0004952740714083679,0.0004952740714083679,0.285708112109634
2026-08-31,601696 CH Equity,CNE100003R64,33709101W,MP,-6.225815076186341e-05,-6.225815076186341e-05,0.22132917540248456
2026-08-31,601698 CH Equity,CNE100003PX9,33276601W,MP,-0.0008234509808270995,-0.0008234509808270995,0.19864791642643784
2026-08-31,601699 CH Equity,CNE000001NT7,27871801W,MP,-0.00017965524287161103,-0.00017965524287161103,0.2564133607234946
2026-08-31,601717 CH Equity,CNE100000S58,29504101W,MP,0.00022901841926142454,0.00022901841926142454,0.24628872985356726
2026-08-31,601727 CH Equity,CNE100000D55,27283602W,MP,0.00013322854876222524,0.00013322854876222524,0.2985825438178472
2026-08-31,601728 CH Equity,CNE100004QG0,25433805W,MP,-5.7941756476035675e-05,-5.7941756476035675e-05,0.2753742381910128
2026-08-31,601766 CH Equity,CNE100000CP9,28945301W,MP,0.00035812701092204687,0.00035812701092204687,0.42534415791369384
2026-08-31,601777 CH Equity,CNE100000X10,29587201W,MP,-0.0006840150425425566,-0.0006840150425425566,0.28141650386751327
2026-08-31,601788 CH Equity,CNE100000FD8,29246801W,MP,-0.00025420172398454507,-0.00025420172398454507,0.2270631323110788
2026-08-31,601799 CH Equity,CNE1000011H2,29652801W,MP,0.00015691855208839034,0.00015691855208839034,0.37060801461999204
2026-08-31,601800 CH Equity,CNE100001FN5,28200502W,MP,-0.00046749310592101337,-0.00046749310592101337,0.37640695270227653
2026-08-31,601816 CH Equity,CNE100003RV9,33678201W,MP,-2.7943054685160832e-05,-2.7943054685160832e-05,0.237488966888587
2026-08-31,601818 CH Equity,CNE100000SL4,26978401W,MP,-0.0004037485674318725,-0.0004037485674318725,0.16901055752266575
2026-08-31,601825 CH Equity,CNE100004QD7,31861901W,MP,5.6561002134628706e-05,5.6561002134628706e-05,0.059516526414554675
2026-08-31,601838 CH Equity,CNE100002SN6,32652701W,MP,-2.903668827653984e-05,-2.903668827653984e-05,0.19034654052102845
2026-08-31,601857 CH Equity,CNE1000007Q1,13387003W,MP,-0.00030735189759889146,-0.00030735189759889146,0.2208547848017345
2026-08-31,601868 CH Equity,CNE100004QL0,32082704W,MP,-0.00022106584823083718,-0.00022106584823083718,0.3574494307901853
2026-08-31,601869 CH Equity,CNE1000036B2,31877303W,MP,-0.0002426659794339649,-0.0002426659794339649,0.5125940249005664
2026-08-31,601872 CH Equity,CNE000001PQ8,28153901W,MP,-0.0002824491189654483,-0.0002824491189654483,0.14134622795704746
2026-08-31,601877 CH Equity,CNE100000KD8,29373001W,MP,0.00027891613442900513,0.00027891613442900513,0.38967883658633484
2026-08-31,601878 CH Equity,CNE100002R65,32478801W,MP,-0.00020874309841539332,-0.00020874309841539332,0.17806788521086891
2026-08-31,601881 CH Equity,CNE100002FG7,31539405W,MP,-6.54366933973833e-05,-6.54366933973833e-05,0.11385198863686186
2026-08-31,601888 CH Equity,CNE100000G29,29278401W,MP,-0.00029549542114501204,-0.00029549542114501204,0.15257647475895003
2026-08-31,601899 CH Equity,CNE100000B24,25954302W,MP,-0.00013802333219624022,-0.00013802333219624022,0.11492818874364674
2026-08-31,601901 CH Equity,CNE1000015Y8,29838601W,MP,-4.691525586683292e-05,-4.691525586683292e-05,0.12996842612333037
2026-08-31,601919 CH Equity,CNE100000601,27324002W,MP,0.0005205836860752982,0.0005205836860752982,0.6369404484083573
2026-08-31,601933 CH Equity,CNE100000XX9,29598701W,MP,-0.00015254308021872705,-0.00015254308021872705,0.4541769453369022
2026-08-31,601939 CH Equity,CNE100000742,27436402W,MP,-0.00020963883313669695,-0.00020963883313669695,0.24222049748101307
2026-08-31,601958 CH Equity,CNE1000009Y1,28865301W,MP,-0.00010769267722191459,-0.00010769267722191459,0.042546744081518977
2026-08-31,601985 CH Equity,CNE1000022N7,31983201W,MP,-0.0004006194307945028,-0.0004006194307945028,0.2944723143827275
2026-08-31,601988 CH Equity,CNE000001N05,26746102W,MP,-7.96610269133766e-05,-7.96610269133766e-05,0.14882581595180072
2026-08-31,601990 CH Equity,CNE1000031R9,32741601W,MP,-0.0001262540129466057,-0.0001262540129466057,0.12996842612333037
2026-08-31,601991 CH Equity,CNE000001Q02,21350202W,MP,0.0006763814133683297,0.0006763814133683297,0.5206243747454946
2026-08-31,601995 CH Equity,CNE1000048J0,32067606W,MP,0.00029687176596754176,0.00029687176596754176,0.16467268396637752
2026-08-31,601998 CH Equity,CNE1000000R4,28445801W,MP,-0.00013478564565673373,-0.00013478564565673373,0.16533248134449252
2026-08-31,603019 CH Equity,CNE100001TW7,31862501W,MP,0.0005965232684880968,0.0005965232684880968,0.34714452473057067
2026-08-31,603083 CH Equity,CNE100002TS3,32590301W,MP,5.707980810856794e-05,5.707980810856794e-05,0.2051589326138561
2026-08-31,603119 CH Equity,CNE100006M74,35806301W,MP,0.000384988030815782,0.000384988030815782,0.35954409458878434
2026-08-31,603129 CH Equity,CNE100002W84,32524101W,MP,0.000107108284175392,0.000107108284175392,0.407385591278338
2026-08-31,603160 CH Equity,CNE100002G84,32266101W,MP,0.0004061841968578772,0.0004061841968578772,0.4466431767169701
2026-08-31,603179 CH Equity,CNE100002YB9,32373801W,MP,0.000779529053276711,0.000779529053276711,0.3372623674320099
2026-08-31,603228 CH Equity,CNE100002FZ7,32325201W,MP,0.0006198455565195884,0.0006198455565195884,0.3781470424188018
2026-08-31,603259 CH Equity,CNE1000031K4,32714001W,MP,0.00013927193182809315,0.00013927193182809315,0.1256498272201414
2026-08-31,603260 CH Equity,CNE100002V10,32572201W,MP,-0.00014331063719774355,-0.00014331063719774355,0.08520045056680915
2026-08-31,603288 CH Equity,CNE100001SL2,31713601W,MP,-5.822562982825849e-05,-5.822562982825849e-05,0.3346948441270604
2026-08-31,603296 CH Equity,CNE100006M82,35777801W,MP,0.0002833763815970509,0.0002833763815970509,0.28339184940504175
2026-08-31,603298 CH Equity,CNE100002FY0,32317601W,MP,0.00030869939428934944,0.00030869939428934944,0.3417197036043759
2026-08-31,603308 CH Equity,CNE100001SN8,31699001W,MP,-0.0002798853705260127,-0.0002798853705260127,0.30872361253215036
2026-08-31,603338 CH Equity,CNE1000023M7,31944801W,MP,-0.00018567247517073477,-0.00018567247517073477,0.21213586157214603
2026-08-31,603345 CH Equity,CNE100002YQ7,32356401W,MP,-5.6872020114564555e-05,-5.6872020114564555e-05,0.4202242546097185
2026-08-31,603369 CH Equity,CNE100001TH8,31795301W,MP,-0.0010031621774304164,-0.0010031621774304164,0.38438594848620045
2026-08-31,603486 CH Equity,CNE1000031N8,32732601W,MP,-0.0005495062904873095,-0.0005495062904873095,0.3022532811737155
2026-08-31,603501 CH Equity,CNE100002XM8,32414701W,MP,-0.00022637599226043057,-0.00022637599226043057,0.3590643386383771
2026-08-31,603568 CH Equity,CNE1000023N5,31977701W,MP,0.00035397197785925203,0.00035397197785925203,0.4644595676400081
2026-08-31,603605 CH Equity,CNE100002TP9,32595101W,MP,0.0006394958210373824,0.0006394958210373824,0.3359045726155666
2026-08-31,603606 CH Equity,CNE100001T23,31851701W,MP,-0.00037870758019438005,-0.00037870758019438005,0.24953405207169913
2026-08-31,603659 CH Equity,CNE100002TX3,32579001W,MP,0.00034398967588059385,0.00034398967588059385,0.1532636744427347
2026-08-31,603799 CH Equity,CNE100001VW3,31912901W,MP,-0.000681468378603326,-0.000681468378603326,0.5024916926883098
2026-08-31,603806 CH Equity,CNE100001VX1,31833601W,MP,-0.00011506590222150443,-0.00011506590222150443,0.22477669614495568
2026-08-31,603893 CH Equity,CNE100003RK2,33774001W,MP,0.0003304657112117595,0.0003304657112117595,0.4607350789986922
2026-08-31,603939 CH Equity,CNE100001TS5,31925501W,MP,0.0007867494917367144,0.0007867494917367144,0.45590076950373776
2026-08-31,603979 CH Equity,CNE1000022P2,31999701W,MP,-0.0001862839515661983,-0.0001862839515661983,0.14128455204736226
2026-08-31,603986 CH Equity,CNE1000030S9,32212201W,MP,0.0007605407682026357,0.0007605407682026357,0.4575041233634125
2026-08-31,603993 CH Equity,CNE100001NR0,28453202W,MP,-0.0003777212570924445,-0.0003777212570924445,0.22564511910486248
2026-08-31,605117 CH Equity,CNE1000052S3,34754501W,MP,0.0007711128465064085,0.0007711128465064085,0.44911912958721345
2026-08-31,605499 CH Equity,CNE100005576,34875601W,MP,-0.00033329514461604906,-0.00033329514461604906,0.3056265419751584
2026-08-31,688002 CH Equity,CNE100003MX6,33290501W,MP,0.0004567401857909797,0.0004567401857909797,0.3210167042743592
2026-08-31,688008 CH Equity,CNE100003MN7,34655901W,MP,0.0004454622628304704,0.0004454622628304704,0.390445431524116
2026-08-31,688012 CH Equity,CNE100003MM9,33303201W,MP,0.0002415758612975486,0.0002415758612975486,0.16522410146768224
2026-08-31,688017 CH Equity,CNE1000043F9,33965501W,MP,-0.0007414762241470688,-0.0007414762241470688,0.43487014298055204
2026-08-31,688019 CH Equity,CNE100003ML1,33304501W,MP,-0.00015188041784338957,-0.00015188041784338957,0.2781847165611272
2026-08-31,688036 CH Equity,CNE100003P74,33374501W,MP,-0.0005554907382541478,-0.0005554907382541478,0.4555299838886867
2026-08-31,688037 CH Equity,CNE100005X23,33665101W,MP,-0.00025358499316073725,-0.00025358499316073725,0.22988004984583993
2026-08-31,688041 CH Equity,CNE100005PT2,35397101W,MP,1.2310939812482412e-05,1.2310939812482412e-05,0.40757626002854846
2026-08-31,688047 CH Equity,CNE100005QH5,35346801W,MP,-0.0003597564893864864,-0.0003597564893864864,0.3643467279385314
2026-08-31,688048 CH Equity,CNE100005ZH6,35290901W,MP,-3.821233951495785e-05,-3.821233951495785e-05,0.3989433351303856
2026-08-31,688065 CH Equity,CNE100004447,18769301W,MP,-9.765128471390832e-05,-9.765128471390832e-05,0.10030443604902421
2026-08-31,688072 CH Equity,CNE100005998,35309601W,MP,0.00030686247476107586,0.00030686247476107586,0.27207823712078155
2026-08-31,688082 CH Equity,CNE100004ZD8,35106701W,MP,-3.2006501933350757e-05,-3.2006501933350757e-05,0.21345572641193805
2026-08-31,688099 CH Equity,CNE100003LZ3,33319901W,MP,0.0001244845902284681,0.0001244845902284681,0.25168347857211926
2026-08-31,688110 CH Equity,CNE1000055X6,35143501W,MP,-0.00045243845853384706,-0.00045243845853384706,0.452879221761257
2026-08-31,688111 CH Equity,CNE100003PM2,33547701W,MP,1.5733297915257645e-05,1.5733297915257645e-05,0.1792781864627911
2026-08-31,688120 CH Equity,CNE100005QL7,35344301W,MP,2.873311107842029e-06,2.873311107842029e-06,0.1813368788562246
2026-08-31,688122 CH Equity,CNE100003MF3,33282901W,MP,-5.0022184127413156e-05,-5.0022184127413156e-05,0.13818228657275392
2026-08-31,688126 CH Equity,CNE1000040F5,33825701W,MP,-0.0003310020994676597,-0.0003310020994676597,0.22629456762594047
2026-08-31,688169 CH Equity,CNE100003R80,33730101W,MP,0.00026760999433247934,0.00026760999433247934,0.26000547489182463
2026-08-31,688180 CH Equity,CNE1000041Z1,33015805W,MP,-0.0004615350895338742,-0.0004615350895338742,0.22876335117459712
2026-08-31,688183 CH Equity,CNE100005428,34709601W,MP,0.0009235235701051416,0.0009235235701051416,0.5170320826945427
2026-08-31,688187 CH Equity,CNE100004QK2,28208205W,MP,0.00028820882721485806,0.00028820882721485806,0.34316767280290655
2026-08-31,688188 CH Equity,CNE100003LY6,33321201W,MP,-0.00010115006480917421,-0.00010115006480917421,0.36118945109896045
2026-08-31,688200 CH Equity,CNE100003RC9,33702601W,MP,0.0004124466292385116,0.0004124466292385116,0.5567641276517994
2026-08-31,688213 CH Equity,CNE100005QT0,35343101W,MP,0.0004519439676195518,0.0004519439676195518,0.31163657364419756
2026-08-31,688220 CH Equity,CNE100005RF7,35190301W,MP,-5.898312019731715e-05,-5.898312019731715e-05,0.2623658571432506
2026-08-31,688223 CH Equity,CNE100005R96,35201601W,MP,-0.0007330674263814695,-0.0007330674263814695,0.4963382168455341
2026-08-31,688234 CH Equity,CNE100005RH3,35188401W,MP,0.0003303268080386069,0.0003303268080386069,0.3421306115295434
2026-08-31,688235 CH Equity,CNE100005XT6,02637605W,MP,-0.0001050640476304972,-0.0001050640476304972,0.303015927303556
2026-08-31,688249 CH Equity,CNE1000060L1,35660501W,MP,-1.772395834781813e-05,-1.772395834781813e-05,0.2443841666983759
2026-08-31,688271 CH Equity,CNE100005PN5,35426501W,MP,-0.00022624525346190533,-0.00022624525346190533,0.1586570764687673
2026-08-31,688313 CH Equity,CNE100004454,33925301W,MP,-0.00012184988235253233,-0.00012184988235253233,0.26955273974939914
2026-08-31,688331 CH Equity,CNE100005B03,34408204W,MP,0.00021472049043749493,0.00021472049043749493,0.3068611544729494
2026-08-31,688347 CH Equity,CNE100006M90,31849305W,MP,-0.00021299337269214413,-0.00021299337269214413,0.2551102112622214
2026-08-31,688361 CH Equity,CNE100005ZD5,35673901W,MP,-0.0006406001589612576,-0.0006406001589612576,0.3941704687144595
2026-08-31,688375 CH Equity,CNE100005Q55,35398201W,MP,-0.0004648483736389479,-0.0004648483736389479,0.35036710963807416
2026-08-31,688385 CH Equity,CNE100004PL2,24796905W,MP,-7.71122123962869e-05,-7.71122123962869e-05,0.20921156253843134
2026-08-31,688387 CH Equity,CNE100005P31,35460701W,MP,-0.0004481057010219693,-0.0004481057010219693,0.3391588839596994
2026-08-31,688396 CH Equity,CNE100003S06,33738301W,MP,-0.00014485527744942159,-0.00014485527744942159,0.3774475278559134
2026-08-31,688411 CH Equity,            ,36563501W,MP,0.0008089510258776336,0.0008089510258776336,0.41362501329847223
2026-08-31,688469 CH Equity,CNE1000060N7,35665701W,MP,-0.00046083179618047597,-0.00046083179618047597,0.38296722188685145
2026-08-31,688472 CH Equity,CNE100006KH6,35692601W,MP,-8.835964329402871e-05,-8.835964329402871e-05,0.2923650255745897
2026-08-31,688498 CH Equity,CNE100005VF9,35528101W,MP,0.00033703215556617346,0.00033703215556617346,0.42395760292319007
2026-08-31,688506 CH Equity,CNE100006FN4,35558801W,MP,-0.0004113408045416582,-0.0004113408045416582,0.27583513765218054
2026-08-31,688521 CH Equity,CNE100004413,33929301W,MP,-0.0003499173995669818,-0.0003499173995669818,0.33129641805689924
2026-08-31,688525 CH Equity,CNE100005VN3,35555001W,MP,0.00026418714034448894,0.00026418714034448894,0.4896772241874698
2026-08-31,688578 CH Equity,CNE100005XJ7,34554801W,MP,0.00018764898176717984,0.00018764898176717984,0.35127888007835645
2026-08-31,688608 CH Equity,CNE100005XM1,34600801W,MP,0.0002454091633093016,0.0002454091633093016,0.46235700901949556
2026-08-31,688617 CH Equity,CNE100004C45,34621901W,MP,3.0959929240575166e-05,3.0959929240575166e-05,0.1521572780623976
2026-08-31,688629 CH Equity,CNE100006KM6,35705501W,MP,-0.0003179477187463375,-0.0003179477187463375,0.42839629681052094
2026-08-31,688676 CH Equity,CNE1000053V5,34668901W,MP,0.0003456442528472233,0.0003456442528472233,0.3011423269004393
2026-08-31,688702 CH Equity,CNE100006DD0,35855101W,MP,-0.00012064743091227049,-0.00012064743091227049,0.4054433263205392
2026-08-31,688777 CH Equity,CNE100005D92,34522101W,MP,-5.460479693560168e-05,-5.460479693560168e-05,0.1979482025605071
2026-08-31,688981 CH Equity,CNE1000041W8,15874106W,MP,0.0002148127647900656,0.0002148127647900656,0.3404892727451824
