,PM6M,52WSlope,SalesAcc,BuyToSellRecLess3MEMA,Rev3MFY2C,RevMagFY1C,AdjEPSNumRevFY1C,HL52W,EstDiffC,AdjRevMagC,EPSNumRevFY1C,6MTTMSalesMom,BuyToSellRecLess3MSMA,90DCV,PM12M1M,Rev3MFY1C,3MSalesMom,OEP,AnnVol1M,SUEC,RskAdjRS,Chg1YOCF,EP,FwdEPC,StdErr180D,PA52WL20DLag,Beta60M,AdjEPSNumRevFY2C,4To52WPrcOsc,50To200PrcRatio,EPSStab,LTDE,52WVPT20DLag,CapExToAst,AstAdjChg1YFCF,5DMoneyFlowVol,FCFSales,PRatio15To36W,TobinQ,6MAvgChg1MRecC,6MChgTgtPrc,6MChgTgtPrcGap,50DVolSig,OCFRatio,10DMACD,PM1M,24MResRtnVar,IntCovRatio,Alpha60M,Chg1YFCF
PM6M,1.0,0.014505701889826356,-0.5254074392420903,-0.6833335214556351,-0.4700001903095645,-0.24512481715588377,-0.09998674261376225,-0.3504966978021556,-0.011389428900357301,-0.09845711249433231,-0.11861786917424379,-0.780840121868052,-0.5811226140456627,0.37848755602663425,-0.16010397185281502,-0.09970256029979452,-0.6181285079765644,0.4434329638601499,0.4545271067236651,-0.6225539921913331,0.5684044484942599,-0.21095488716753674,0.44334665462050554,0.8005143852036445,-0.6905128760917476,-0.24840082404574002,0.26313668604188567,-0.39601927789369856,-0.45668540314983225,-0.7592297450559783,-0.4041981175357647,0.27422338576758654,0.02256380849977546,0.2785955145286186,-0.16975985920717523,-0.11684157692775123,0.17772374142500208,-0.7105139010332155,0.44991865970685907,-0.7620708398427866,-0.1397821062024768,0.5450551386272553,-0.6375181543471966,0.09256847580843179,-0.26979863751594013,0.19213327247408052,-0.19319677871391278,-0.6256784016663176,0.08178390711359129,0.5029026824222064
52WSlope,,,,,,,,,,,,,,,,,,,,,,,,,,,,,,,,,,,,,,,,,,,,,,,,,,
SalesAcc,,,,,,,,,,,,,,,,,,,,,,,,,,,,,,,,,,,,,,,,,,,,,,,,,,
BuyToSellRecLess3MEMA,,,,,,,,,,,,,,,,,,,,,,,,,,,,,,,,,,,,,,,,,,,,,,,,,,
Rev3MFY2C,-0.008373248775855815,0.0679079145746019,-0.5420304402397763,-0.3707206417853818,1.0,0.3021232333049,-0.8478663775193057,0.0034563753757356147,-0.9297773451108717,0.591533384415201,-0.6515944271623143,-0.49139865992656395,-0.12868302245403512,-0.011066864625910415,0.11115918443335636,-0.1714218127919913,-0.6228127592918085,-0.30745678403746846,0.12445180716754516,-0.22178221087383973,0.11013638393653333,-0.3778705932607877,-0.3076339841010809,-0.5814219002749217,0.048261343665493325,0.1826271346912441,-0.5700307945322167,0.5992931221135049,0.049478204461831675,0.2565638827595973,0.3903123079900339,0.715201245532247,-0.013799871383002345,0.2603977923682215,-0.007934021089063813,0.11746938028009303,-0.2772854884493093,0.1696114177099821,-0.22513653722804539,-0.07747088769535136,-0.0001494056978996401,0.7305917288935068,0.14732191284216908,-0.2105564337016041,-0.5828716606049478,0.6883127150748175,-0.8590056832622095,-0.666501758139623,0.8979085600518967,0.17650796430781757
RevMagFY1C,,,,,,,,,,,,,,,,,,,,,,,,,,,,,,,,,,,,,,,,,,,,,,,,,,
AdjEPSNumRevFY1C,0.7910572841719326,-0.0694356508528798,-0.65442745764274,-0.4603697544397527,0.363017308116435,0.305030760358063,0.9999999999999998,-0.5359032076405039,0.6898089246619878,0.4469578790207005,0.7635639736909888,-0.6136681129771867,-0.30140371093575186,-0.05322333652350302,-0.35570007536215736,0.061254877202365665,-0.6756883760919616,0.23401820206027324,-0.440913934745971,-0.34989468080445263,-0.0325826480436069,-0.402286631456357,0.23359442370485825,0.5085903493128098,-0.7901837500349683,-0.5489040040488692,0.0582965530617251,0.6707740189783836,-0.39533986183260006,-0.8763254311588466,-0.4230521107567384,0.15219236303489322,0.0821979454736024,0.3064840394197882,-0.7376147647468321,0.3502051890945459,-0.7491447068771465,-0.9908223241536619,0.9272130507121219,-0.7530257414936594,-0.6521060822073683,0.4346117601805127,-0.2629056324990174,-0.5219997981133121,0.6480829433751035,-0.43905588843805254,-0.6372621299198867,-0.4124950169115586,0.20778907219992324,-0.4290745569499282
HL52W,,,,,,,,,,,,,,,,,,,,,,,,,,,,,,,,,,,,,,,,,,,,,,,,,,
EstDiffC,0.9812785154374967,0.4809044848526388,-0.6804074024519078,-0.6078835245487131,-0.062120725822066666,0.5022128677375205,0.6898089246619878,-0.3779693877521111,1.0,0.7414655900806826,0.6886372802265125,-0.9718369267438691,-0.3839015038616511,0.1888893997282349,-0.06984072462167797,0.4869483461828223,-0.7956445579184622,0.11726467921756123,-0.5162455057888948,-0.8048514127645532,0.6205240880166398,-0.7822672987135392,0.11686471383823856,0.5637425217246871,-0.7742875510652326,-0.34568717182548275,0.06959189949296767,0.2297756409697335,-0.30993008204689004,-0.7803689716547673,-0.47166151068263734,0.5515427202439565,0.2335290221484563,-0.3973983521876999,-0.6757168302326737,-0.27431120014969573,-0.757742330350045,-0.7359537022394764,0.6660220319168763,-0.7604560975706648,-0.28182284365611826,0.8470514703038279,-0.8689866824552642,-0.687083015640155,-0.05700426679576253,0.04069162637908885,-0.7833517161416274,-0.4290954598925996,0.5028388079697835,0.2875961331095975
AdjRevMagC,,,,,,,,,,,,,,,,,,,,,,,,,,,,,,,,,,,,,,,,,,,,,,,,,,
EPSNumRevFY1C,,,,,,,,,,,,,,,,,,,,,,,,,,,,,,,,,,,,,,,,,,,,,,,,,,
6MTTMSalesMom,,,,,,,,,,,,,,,,,,,,,,,,,,,,,,,,,,,,,,,,,,,,,,,,,,
BuyToSellRecLess3MSMA,,,,,,,,,,,,,,,,,,,,,,,,,,,,,,,,,,,,,,,,,,,,,,,,,,
90DCV,-0.10055105433068322,0.09563681945448403,-0.09870089531541681,0.017838201426111464,0.047225528810627006,0.01590126428609727,0.3726100505920826,0.3255400680887554,0.4206210375007547,0.034430453102413584,-0.1644903473030981,-0.4948747159654938,0.009114177998650622,1.0,0.307507811741761,0.2428393934397051,-0.17938856512701515,-0.17973798250847836,0.5368662553005641,-0.35772203300309185,-0.19098996145736563,-0.03585205445946791,-0.17940904460132406,0.05009961234806993,0.3244363824206402,0.5478079458334074,0.1653278841003783,-0.12310499864600338,0.27781833226733277,0.2535981130044037,-0.1818571343929073,0.1512983388352396,0.6827725097545801,0.16842985691995777,-0.494384639129548,-0.3397277248648575,-0.28013688831564054,0.16436877305270792,-0.162454090653338,-0.21451314505594574,0.13403982180796134,-0.23187140211051394,0.010205067152679945,-0.02978958532937551,0.16587470615690483,0.5813083992855409,-0.45225529585635743,0.4663392299179075,-0.0004392103071595358,-0.3871319583621163
PM12M1M,-0.5809649802918591,0.6662516510940114,-0.2447818193769902,0.44708969733654913,0.8654850360169812,0.6258723068086705,0.4413742753918507,0.955851695412778,0.41463598481812075,0.4571615681436588,0.1332167295287719,-0.5435213782467826,0.48210604813387037,0.6834610948966068,1.0000000000000002,0.24118568505206425,-0.3555965419488518,-0.27482039610952164,0.9651184702127638,0.0025550681206138255,-0.37186665235330085,0.6746811243291134,-0.27414259499455723,-0.40791922524835394,0.6208432986041276,0.9842778265406442,0.34513472432853864,0.36633257082518067,0.9169913328262302,0.657616821665915,0.363735483591872,0.5035319889593115,0.8009347866337584,0.977346661520719,0.3127662113311367,0.4861473152677545,0.7780992003365009,0.41679317035331687,-0.5640394271476967,0.7426395385855964,0.9452805157685272,-0.2696307145121154,0.47023014846006045,0.913249381587455,0.7269542648952656,0.7432711836884764,-0.722242342467832,-0.2945598426373949,0.057698221451275906,0.7328312201659286
Rev3MFY1C,,,,,,,,,,,,,,,,,,,,,,,,,,,,,,,,,,,,,,,,,,,,,,,,,,
3MSalesMom,-0.1763979480407819,0.21421339459201857,0.5911305235879982,0.4254323704086767,-0.25066301427920734,-0.11854271826504496,0.4570306919477303,0.5746607485474449,0.49854065542214543,-0.15288253616115133,0.0344665544857686,-0.05341664209476855,0.38886944353541336,0.3557303929154571,0.14982365460641844,0.18134411245110288,0.9999999999999999,-0.01733068647774847,0.5097034857254399,-0.032856508129386626,-0.3739304223203768,0.5214298892950607,-0.016519743803558442,0.6430327855106723,0.04120112778032265,0.10434775385815237,0.657428924154263,-0.5167049056977665,0.30608153016813944,0.09571873131374138,-0.35673568790871296,-0.2023060905671381,0.10188364809642914,-0.009737422116312835,-0.008893832706476793,0.5000995329475164,0.3264401350411427,-0.14901331835379222,0.06425955439505214,0.29819881816604554,0.6213074010513968,-0.6916108246653517,0.6542749948157649,0.7226444283920898,0.7145011949045642,-0.3971936993613917,0.5006801194078829,-0.08191318271627894,-0.6849421807159968,-0.04416495239619053
OEP,,,,,,,,,,,,,,,,,,,,,,,,,,,,,,,,,,,,,,,,,,,,,,,,,,
AnnVol1M,-0.4705923508518315,-0.25553738252551694,-0.35285668292113825,-0.08242250464858271,-0.35142490702243023,-0.2477355440307589,0.19872464161243245,0.3399147971301048,0.16773255171876877,-0.23478738278827807,-0.49104356991167997,-0.7435053158699099,-0.23562521340918305,0.6672478630206301,0.03338439531377196,-0.2648032438921397,-0.45670523494514087,-0.3958841753321651,1.0,-0.6209004699144229,-0.8682479275274573,-0.5254658374535517,-0.39572753648898373,-0.2243907839475059,0.170473550980947,0.3767455826005481,0.7134108591594187,-0.12992569524573797,0.06664025286500051,0.2187018028259525,-0.5514199597971775,0.2918571193967499,0.5492007174643969,0.04956663263497189,-0.43386378101931466,-0.38717032960628645,-0.4779585817144878,0.05265466824045628,-0.3561464388089493,-0.34772027382408094,-0.10307373246251017,-0.7266374426690345,0.7361535765566363,-0.24032951635393707,0.47747789788470846,0.44447306024467576,-0.5967131859198226,0.21168447869878507,-0.2875946484958751,-0.42128055090581545
SUEC,-0.10379012817339368,-0.17606149786448885,-0.44418623445593536,-0.7663961054729194,0.5363709727357223,0.4373598033407664,0.09326348509038028,-0.3150938360322668,0.06854714664738788,0.5799893748645437,0.5627970534936108,0.2107507172700754,-0.7811410306141552,0.032146254295171886,0.14889176161505382,0.1538804893660801,-0.2902025591034568,0.2654208571181729,-0.04025046760196807,0.9999999999999999,0.5306304627808552,-0.12137046748440565,0.26527008402532726,-0.0723728593393731,0.2313174605807699,0.20730472095315788,-0.44016851720514893,0.8447801952601393,-0.10704758019741846,-0.3469531599476502,0.8706955654009034,0.0011423127269699698,-0.1526377666226797,0.25866535906057114,0.4042432831499989,-0.2636016425344673,0.2030591280423135,-0.1627093427740953,-0.03397563216906481,-0.21937346797121443,-0.1409058177975793,0.05487892575657913,-0.04931042783416791,-0.5484215628581318,-0.48407976440647654,0.12085969297705182,-0.31186162675587675,-0.022456526357168532,0.5473319672187567,-0.07044259608710143
RskAdjRS,0.3640566340005975,0.7945014374185118,0.336750720191137,-0.5649175001031184,0.5403376726038585,0.7542890963919636,0.5894476003921237,0.4856802311662057,0.6082328159647236,0.832285958595825,0.7161982944044776,-0.12085619428088572,-0.4771415192971428,0.7037918951198496,0.7846296196241181,0.7560001629033095,0.17100627303375654,0.06468467696478836,-0.48376865190012636,-0.019810534010542766,1.0,-0.7389410007909348,0.06468415014364821,0.11529555844704294,0.30942696029854655,0.6219707573267662,0.08113600905204627,0.5164384035756655,0.5865345757712396,0.02532464789756725,0.3551728230575575,0.4643692279181796,0.836400310868311,-0.4155926284041419,-0.3041952456365183,-0.47747347825984987,-0.20006959188995752,0.06977532591962732,0.4757898725185549,-0.14916400857147286,0.5433879702066474,0.7190607084809946,-0.7820798692058534,-0.7397919381108355,0.537516689907694,-0.46582909376380327,-0.15322260906924154,0.42077648187317257,-0.29188329622778436,0.015775329209634113
Chg1YOCF,,,,,,,,,,,,,,,,,,,,,,,,,,,,,,,,,,,,,,,,,,,,,,,,,,
EP,,,,,,,,,,,,,,,,,,,,,,,,,,,,,,,,,,,,,,,,,,,,,,,,,,
FwdEPC,,,,,,,,,,,,,,,,,,,,,,,,,,,,,,,,,,,,,,,,,,,,,,,,,,
StdErr180D,,,,,,,,,,,,,,,,,,,,,,,,,,,,,,,,,,,,,,,,,,,,,,,,,,
PA52WL20DLag,-0.5196451757818771,0.5675445244259919,0.4941771035884185,0.8367466431198128,0.7097500268411021,0.5575188845763628,-0.1586918160608637,0.9773166733265961,-0.23182575127953087,0.47890736560692737,0.21259877949368033,0.312395846974109,0.8481373727268043,-0.04231542691254665,0.8038175872084213,0.34720036193508214,0.28212087740009567,0.03432082841892329,0.08172446569818152,0.4085488155495938,-0.07532229367237034,0.7135619205554656,0.03470417780191335,-0.32287814389756125,0.8418458153913282,1.0000000000000002,-0.8192221291154069,0.17141102606031472,0.8873654022424123,0.980358821828039,0.5658773611792446,0.22875609847048717,0.7331036465299314,0.9756907802682877,0.4052718708147288,0.9133087916825038,0.7605898629179849,0.9139999700511408,-0.18092085920826972,0.8485041679836112,0.7762908870099999,-0.03608385895534751,0.5088047096910958,0.900164234674277,0.5093065674193306,-0.3769283252683781,-0.10773179773568066,-0.0565317704178779,0.09975075712283556,0.6127353566754644
Beta60M,-0.19978195990572717,-0.198710042086933,-0.16931263059937407,-0.09350775892391816,-0.1345557003977775,-0.07845384011223958,0.44820709776622025,-0.06709955545120605,0.4117870550615685,-0.06708281590593466,0.14572705715746506,-0.13131366218378948,-0.2430859437774312,0.2699213146497916,-0.21282559238283352,-0.0901624722289243,-0.0399668931524769,-0.4147797988290576,0.11052488040599322,-0.08160617641376103,-0.16072641579192123,-0.0376221704472861,-0.4148601265017214,-0.4039672942070714,0.025522127229016662,0.07537487839118263,1.0,0.25707930345388413,-0.16237286302573373,0.033244617243041376,-0.0949961472236325,0.3080602892192062,-0.06424721756268546,0.028256419909175868,0.1695155598759587,-0.6225357123693648,-0.1545449428348906,0.04272356318437637,-0.4591739755711886,-0.10058488056072075,-0.1959877312438588,0.05475464666330963,-0.21219026884278352,-0.11881869532669712,0.08294514476244495,0.28601450608705925,-0.2591029504561525,0.3196993468755204,-0.23580388208436778,0.28605036487109686
AdjEPSNumRevFY2C,0.5476096142032353,-0.13332729512803412,0.26211563361641094,-0.168488368123728,0.6920683944494996,0.05745281173504947,0.23235022326402993,-0.25985159823847614,0.23406811271532132,0.2375699109913682,0.2613773128852977,-0.1889575839817715,0.006755267886354455,0.8047122328935135,-0.1081180048818476,-0.3142775399133298,-0.20407804293536705,-0.2196587284387294,0.05945911987416981,0.307257531905235,-0.46746865343635985,0.8062451247178277,-0.21957119441909176,0.04480901225979173,-0.1641192820489359,0.024254877078539905,0.17171844125032,1.0,-0.07964219744416401,-0.12467717234672362,0.21720858576618263,0.19558925319058332,0.142387786299657,0.4136064616796932,-0.6637320547744311,0.03873041510544204,-0.8316052123604201,-0.2655936545185623,0.6181333171055972,-0.4866823764116282,-0.3393936940078602,0.5383083504198938,0.5620874910081828,-0.11588762873279564,-0.11965644031484624,0.6144434321292908,-0.41135805159894856,-0.09586405472641818,0.29736716415330894,-0.6780746406195117
4To52WPrcOsc,,,,,,,,,,,,,,,,,,,,,,,,,,,,,,,,,,,,,,,,,,,,,,,,,,
50To200PrcRatio,,,,,,,,,,,,,,,,,,,,,,,,,,,,,,,,,,,,,,,,,,,,,,,,,,
EPSStab,,,,,,,,,,,,,,,,,,,,,,,,,,,,,,,,,,,,,,,,,,,,,,,,,,
LTDE,-0.3661223725121129,0.5206821301818556,-0.10782996523389819,0.4828566134839493,0.15110104612721303,0.36960028923980587,-0.09992398611982398,0.8879411704979139,-0.04329330157883494,0.4026714533681494,-0.09832047817246074,-0.4309939027443116,0.5349581039289066,0.15672833807720324,0.6560801399008628,0.21504268095532708,-0.4063235877694373,-0.4947765606630496,0.28810180372266603,-0.3949369780914786,-0.02722222369485335,-0.18915075755627894,-0.4947957114666699,-0.45064229373961784,0.539855246320377,0.8068446455405959,0.13649937359212652,-0.20144785035827842,0.7076865147346437,0.8152391143986161,-0.049317805738154565,1.0,0.7806333727892145,0.5534806253127346,0.21937111744039728,0.19649924150527615,0.3538080967800393,0.6860114429014303,-0.29236243477694485,0.45407634804318026,0.6389986411633802,0.3048643700706887,0.029069677837175525,0.48968876545751144,0.16238240173226684,-0.03645494799282681,-0.5551212959686534,-0.8408160040172855,0.14889258112828696,0.6734809428040296
52WVPT20DLag,-0.32718526165886835,0.5386669674682194,0.22874106668651392,0.2682851695831368,0.49718965196518056,0.592793532667707,0.14844045179168985,0.8723773591034935,0.16891358083512212,0.5955330236428629,0.13408107122328883,-0.2728206887488977,0.3218549055503654,0.47052430440144727,0.792010344254516,0.5806234928679616,-0.08822922093694456,0.252987189272182,0.3555759281633379,-0.09754467813164705,0.1332892675834115,-0.1127861035496664,0.25323332742892957,0.06276858342803247,0.604186609605173,0.8476726914575736,-0.23641928270875096,0.31221199907111835,0.7890702591425091,0.6180920108019994,0.2981062561100323,0.29298492641014684,0.9999999999999999,0.4579031929811776,-0.18597992100017235,0.49044728458843984,0.2952510843774631,0.46975357362595715,0.01689358745243374,0.33964655295069357,0.6259492886075126,-0.0003963873395739181,0.2002677211014067,0.16764945240422316,0.2808972679910688,0.21626055763077906,-0.35907272655494277,0.25494580311938325,0.28543821761786475,0.20693384455738031
CapExToAst,,,,,,,,,,,,,,,,,,,,,,,,,,,,,,,,,,,,,,,,,,,,,,,,,,
AstAdjChg1YFCF,,,,,,,,,,,,,,,,,,,,,,,,,,,,,,,,,,,,,,,,,,,,,,,,,,
5DMoneyFlowVol,0.6082078352641156,-0.7891894834921802,-0.37053074435602523,-0.6728877621016912,-0.6991309965393535,-0.757857896010452,-0.5645046358611464,-0.6425080305690416,-0.5118052945624394,-0.7415680021168358,-0.566848103422568,-0.10011131793482123,-0.5704615915303872,-0.40873617909024873,-0.7826739849652521,-0.6384923063704006,-0.2769742716937706,0.39550975410553735,-0.2442342548287191,-0.3844912698381042,0.7235376867756466,-0.011594074978523432,0.3952378708199708,0.5209437010362761,-0.800599522604356,-0.769721952502511,-0.29091203365358237,-0.48876029121150355,-0.7668344316215089,-0.7374108899925718,-0.7848084481669029,-0.30192164260120125,-0.7941929819268955,-0.13150704587935663,-0.13277739348115827,1.0,-0.1755556371618016,-0.7731421017609375,0.27811328942037317,-0.5475879876409229,-0.6118916038628576,0.12961574899125022,-0.37315751171288997,-0.10267558317886069,-0.5267264995820701,0.22865999267633477,0.32207973510792415,-0.6597578545230974,0.31476990641729347,-0.05573625950136177
FCFSales,,,,,,,,,,,,,,,,,,,,,,,,,,,,,,,,,,,,,,,,,,,,,,,,,,
PRatio15To36W,-0.6026256146909792,0.831576594208876,-0.5746325445621255,0.05309018212412469,0.7721423410011384,0.8081935940539607,-0.2442626717483465,0.7169489047354152,-0.25214658425121056,0.8874008847078881,-0.24992488573687283,-0.8520987684261006,0.29750511260961543,0.12366282376959384,0.7302230877456498,0.17955372599926395,-0.7756420483867551,0.06655781538841751,0.6062222298975711,-0.5098806259459608,-0.6751926701470063,-0.32738556621281234,0.06646759028920687,-0.25915731291523436,0.5862010554512564,0.6974203609275753,-0.43705466934740256,0.6184999213462099,0.7508488653141447,0.9249288498363031,0.1974550033254806,0.47323022920761243,0.8213335878286567,0.6212859865622098,-0.13409708008942245,0.741728182402986,0.14595404079393592,1.0,0.22030248223667923,0.38290500409674777,0.5253687441520857,0.07940226244925062,0.8167701386155675,0.11918006322959118,0.30958663416661675,-0.0173070690084235,-0.8483854125263882,-0.4039953464707333,0.6411992517339493,0.1537570947136043
TobinQ,0.47587846255935995,0.24377154994891992,0.33131390870370003,-0.3734294937912596,0.14996866159471403,0.09403106952760255,0.24448698271521827,0.08451436127868706,0.3471949030079808,0.18269556773926154,0.17218424644209276,-0.0006810360627628715,-0.17657748794518113,0.16973739807490446,0.06880840363847684,0.328977959772117,0.11544911904990739,-0.26349969903728343,-0.38734295474053243,0.05334255214147025,0.5686015454542341,0.0008527310098890651,-0.26349969903728343,0.11462458523845474,-0.11725636964382598,-0.15318284727578657,0.2836292318591933,-0.052435789632322746,0.06938024610648744,-0.15805941698662684,-0.2457261079466913,0.5855829435801799,-0.06147493211771851,-0.21457562037165118,-0.6067610165162509,0.27203130759776045,-0.38978310668004196,-0.18926163278705835,1.0,-0.4461171496021925,0.35858452327317264,0.48965332656987454,-0.15924564874280744,-0.0390579357067028,0.278709383067869,0.207291221861778,0.2839167750723635,-0.22052834148758435,0.17150730956902466,-0.20950560465590698
6MAvgChg1MRecC,,,,,,,,,,,,,,,,,,,,,,,,,,,,,,,,,,,,,,,,,,,,,,,,,,
6MChgTgtPrc,,,,,,,,,,,,,,,,,,,,,,,,,,,,,,,,,,,,,,,,,,,,,,,,,,
6MChgTgtPrcGap,0.3289600242869616,0.6252588363798236,-0.03302030139941363,-0.19371647728189503,0.231341401566697,0.4534176855748405,0.4930882697529448,0.22118875271023328,0.5512615380816553,0.5712612867739716,0.48188244516693013,-0.4255022524672074,-0.061558379861595215,0.7582314059661256,0.41140053116734115,0.5813597429435083,-0.10104545058644128,-0.2704443044591992,0.025635287690343463,-0.33040825355137476,0.6114442040754473,-0.2352629307749353,-0.2704400726294557,0.025720069764015377,0.07731617963271027,0.3828462888088769,0.4176106552517235,0.14603595994127136,0.25363554459462356,0.033997216331241246,0.10286506940866363,0.5742006569823431,0.526438063939072,0.10844663492245955,-0.14503222992390152,-0.6062892883248019,-0.0150941016663986,0.06550158571390773,-0.010584648370883756,-0.048326371705785756,0.36061406506077875,1.0000000000000004,-0.8192591488448151,-0.04530579233980711,0.07916463171330389,0.1918331594585956,-0.3593041706398885,0.14151678596127049,-0.08775789567808313,0.43867401442380527
50DVolSig,-0.5286530413868357,0.095428571394808,0.3249322077687974,-0.11098862124982907,0.1963870263085384,0.30386246310920556,0.568187415427343,0.5903836187487236,0.585865535228118,0.3660874554699493,0.32138912648641277,0.04300308734491392,-0.2090775360766199,0.3589401192866057,0.21836161583080135,0.2250338740377247,0.21410088994993703,-0.24713710730217772,0.3607521169358588,0.1600667527314164,-0.42816542492753656,-0.08386668199826798,-0.24710589459581814,-0.5878574417581448,0.3584469351177228,0.36450034744755344,0.4839790360512052,0.4743397590485124,0.33231021204721417,0.35324816570627043,0.1271269280689799,0.4945875250964325,0.007790728247056698,-0.24901333999616063,0.34825183248377634,-0.24795308616025807,0.11605937015567637,0.21180309605078315,-0.3310821482513119,0.18265926995505985,0.35175265101731895,-0.21091861166595158,1.0,0.11162373170008902,0.5828881969251106,-0.22613055839997398,-0.15065502643253242,0.3125542787353382,-0.36813864729480644,0.08533283957633075
OCFRatio,-0.703271113365459,0.7931152327616731,0.7961706347481429,0.9522503889008466,0.39544142254602316,0.5745417820435744,0.45998280340725956,0.7961931448117293,0.5503137604842333,0.4947736353034923,0.16901859622753293,-0.011789029541707593,0.9682930825200525,0.8924049091394727,0.7598169695193525,0.8497267219016786,0.3488012115144025,-0.11465927107871954,0.5882085004922146,0.2942834577959937,0.32430863803894067,0.5565497917413195,-0.11414810162356456,-0.11447286436110715,0.7784996965503886,0.7462239453617862,0.24853332208908788,-0.3516781734625127,0.7789460746369815,0.7911618152532304,0.5931262205216482,0.13757445127867884,0.6675430077250929,0.31295638207389825,0.19624027192620594,0.05714888710615503,0.6883535736642422,0.8293332221711179,-0.6064579594290248,0.8710381874032247,0.8320630674464479,-0.33853711748861404,0.31347816446428056,1.0,0.13543061416941368,0.7061524487380392,-0.03955227452696046,0.717822373857027,-0.23849883608747316,0.25121596856001055
10DMACD,0.10900908858200882,-0.8232783923934558,0.23306963405992867,0.14547835092328915,-0.2636547561134123,-0.6461226651290013,0.10434899043181713,-0.6246225876265984,-0.03991210921625273,-0.6995784674133522,0.01670796147627145,0.6401860721947515,-0.03662483616912986,-0.40692262334592866,-0.7167216864561082,-0.630034677938545,0.4363634115475723,-0.010848487766626157,-0.3972352460346316,0.880970338925111,-0.5938416443245764,0.6094401803519827,-0.010893180147422436,0.054490541710063296,-0.4190824991638402,-0.5491369886189698,0.47948095672859464,0.03844966870253214,-0.588541757041135,-0.42631454810302266,-0.336556137799734,-0.5307681052749769,-0.5686989553624358,-0.062196112739185315,-0.22078945831219424,0.462846745708882,-0.28155354148647427,-0.511828515187818,0.3970361075574437,-0.25061942428481493,-0.7397563599915492,-0.41243649761359247,0.39960136471811225,0.047251725691789995,1.0,-0.7227120238259349,0.4465960367526056,0.09293843120079055,-0.5051676072557413,-0.545870149412823
PM1M,-0.043699830968915894,-0.9263394122461124,-0.7338381482126856,-0.654522606776835,-0.6713245393828987,-0.8503940233360254,-0.2725053773390681,-0.5887565940028398,-0.24314761733988802,-0.8147719736590844,-0.672823067877042,-0.5327697872140585,-0.7712384349834838,0.13063082114767854,-0.8287166593692541,-0.8021757469142519,-0.60528733225048,-0.2054322204465201,0.49725989907538687,-0.3129054137337797,-0.42925361459585243,-0.05209854066294839,-0.20554647609987076,-0.054282754482579056,-0.5063985700052421,-0.47068509452073826,0.3025549387976826,-0.2091874076339832,-0.7866566726662577,-0.5447483967385788,-0.5561678865951738,-0.026368463077978622,-0.6109287475946837,0.07511105037573589,-0.007378230511960005,-0.3749199860433675,-0.5487205175611574,-0.6379805711458002,-0.3947971506949951,-0.7366101954813375,-0.7858511830260111,-0.4378518688607488,0.3148064352185418,-0.3319864659276786,-0.48776336113342006,0.9999999999999999,-0.4425822074852058,-0.4243912307356138,0.37601388103648825,-0.5421966756249298
24MResRtnVar,,,,,,,,,,,,,,,,,,,,,,,,,,,,,,,,,,,,,,,,,,,,,,,,,,
IntCovRatio,-0.3097817712382165,0.24880092024276956,0.39886197969302595,0.5296456039133015,-0.03221924686132006,0.21360054180476068,-0.3134602530734004,0.7682735770500665,-0.35133186923622345,0.10575797847291199,-0.2188806600969218,0.12631809535204494,0.4191791924969547,0.1317878681259341,0.5623578194706773,0.1362227940109125,0.24626541795855236,0.3819988357102278,0.29486689120562254,0.02204972206790947,-0.29136841545399395,0.02944879824813821,0.3823298642749064,0.432365579184248,0.43653335458555226,0.5432850150324702,-0.16237255459434202,-0.5528109638937772,0.6667525927273487,0.6496482674343619,0.056978382026460474,-0.7004816204480343,0.4308270355711886,-0.10561090551832471,-0.2622446127076124,0.2865121930897414,0.21101385889180824,0.5006830837032313,0.16536871732386232,0.41668812333064403,0.32512078210602213,-0.49626887673213116,0.4217802786657621,0.12438980110002738,0.11249681354858583,-0.11647538430576425,0.3274017233084943,0.9999999999999998,-0.504056591655372,-0.22053948376713375
Alpha60M,0.016355179053394033,-0.16625545415920429,-0.3524554875030748,-0.21766817742404998,0.19590374282874556,-0.06804332865379217,-0.30519980468263697,-0.2859960690077941,-0.2938907899112277,-0.04229400692637586,-0.07767623947747128,-0.15039739107064443,-0.08616208783916972,0.1568549252191606,-0.03693269573836444,-0.1528372526540285,-0.30890263323475725,0.43147850674155946,0.18638495639416924,0.20012564382679862,0.10776967480587946,0.3516111970748829,0.4315297289577346,0.17733919983413746,-0.14826258887892946,0.015570785092499834,-0.4997431337118636,0.25330947207665094,-0.1450514962119354,-0.15916059818675382,0.33706192422653813,-0.03572809803493905,-0.14510938699097672,0.5985902986524176,0.07246093215820398,0.33969981663296206,0.2935308995967616,-0.22170226413942182,0.011186165214912922,0.051517421126862833,-0.17487541125487707,-0.04286772017366522,0.20788943558252745,0.1512017356035299,-0.7531107628793943,0.3974958853802412,-0.37207726124788787,-0.3977033495079199,0.9999999999999999,0.09501782609619083
Chg1YFCF,-0.48421997727588734,-0.033221359013117985,-0.2895610694937777,0.7187510520079481,0.3617746553329349,-0.19187309977496067,0.0023538065562381185,-0.16050783001376928,0.08800405204840259,-0.3568368619028194,-0.22944136126034537,0.36756304969920145,0.866068735115809,-0.24404539906026573,-0.1150971601324844,0.12966909309165792,0.544421465238121,-0.390260310339128,-0.25966597873487623,-0.46810697607400403,-0.10327133871149334,0.6305693031924166,-0.390260310339128,-0.6595000847069271,0.37874482504014945,-0.0029016182272314697,-0.4747596985983881,0.2700495154513414,0.08502477716315968,0.5081678773521184,-0.23871086764438032,0.23036181397798014,0.06496036896319211,0.31214023851108813,0.5862107126714243,0.12549916075967998,0.40816332648388515,0.5239313884410556,-0.8046783766568253,0.5241299879667107,0.24428704086819839,-0.04738221280866452,-0.0015310595978878635,0.8511032914984544,-0.054850605011217454,0.40621923295369716,-0.4212742273045273,-0.6091087937040373,0.7486001703155697,1.0000000000000002
