style,ddt,ticker,isin,gvkeyiid,Analyst Expectations,Analyst Expectations,Capital Efficiency,Earnings Quality,Historical Growth,Price Momentum,Price Momentum,Valuation,Volatility,MP
factor_weight,,,,,0.021621521816389294,0.20431602944049673,0.049936965510287146,0.09875848294333273,0.24346249417352991,0.024010934147244627,0.20767050160349557,0.14737045318156372,0.0028526171836602172,1.0
factor,,,,,Rev3MFY2C,RevMagFY1C,TobinQ,FCFSales,SalesAcc,52WSlope,PM6M,FwdEPC,90DCV,AGG
0,2025-11-30,000001 CH Equity,CNE000000040,21338001W,,,,,,,,,-0.010752688172043012,-3.0673303050109864e-05
1,2025-11-30,000009 CH Equity,CNE000000222,24385001W,,,,-0.014084507042253521,0.006211180124223602,,,,,0.00012122485630688962
2,2025-11-30,000021 CH Equity,CNE000000FK4,25137401W,,,,,-0.012345679012345678,,,,,-0.0030057098046114804
3,2025-11-30,000039 CH Equity,CNE000000644,21063102W,,,,,-0.012345679012345678,,,,-0.010752688172043012,-0.0030363831076615903
4,2025-11-30,000063 CH Equity,CNE000000TK5,24385801W,,,,,0.006211180124223602,0.006172839506172839,,,,0.0016604050476887596
5,2025-11-30,000066 CH Equity,CNE000000RL7,24364201W,,,,,0.006211180124223602,,,,,0.0015121894048045336
6,2025-11-30,000100 CH Equity,CNE000001GL8,27053501W,-0.012048192771084338,,,0.013888888888888888,0.006211180124223602,-0.012345679012345678,,,-0.010752688172043012,0.0022962301495730846
7,2025-11-30,000157 CH Equity,CNE000001527,25989601W,,,,,0.006211180124223602,,,,,0.0015121894048045336
8,2025-11-30,000166 CH Equity,CNE100002FD4,31912301W,,,,,,,,,-0.010752688172043012,-3.0673303050109864e-05
9,2025-11-30,000301 CH Equity,CNE0000012K6,32958001W,-0.012048192771084338,,,,0.006211180124223602,,,,,0.0012516891419564699
10,2025-11-30,000333 CH Equity,CNE100001QQ5,31610001W,,0.012048192771084338,,,,,,,-0.010752688172043012,0.0024309656058715376
11,2025-11-30,000338 CH Equity,CNE1000000D4,26065402W,,,,,0.006211180124223602,,,,-0.010752688172043012,0.0014815161017544237
12,2025-11-30,000400 CH Equity,CNE0000007F6,27104801W,,-0.012345679012345678,,,,-0.012345679012345678,,,,-0.0028188514023177944
13,2025-11-30,000408 CH Equity,CNE000000L08,27233901W,,,,,0.006211180124223602,0.006172839506172839,,,,0.0016604050476887596
14,2025-11-30,000423 CH Equity,CNE0000006Y9,26013001W,,,,,-0.012345679012345678,-0.012345679012345678,,,,-0.0033021410903799325
15,2025-11-30,000425 CH Equity,CNE000000FH0,25133101W,,,,,0.006211180124223602,0.006172839506172839,,,,0.0016604050476887596
16,2025-11-30,000426 CH Equity,CNE000000D24,25990201W,-0.012048192771084338,,,,-0.012345679012345678,-0.012345679012345678,,,,-0.0035626413532279964
17,2025-11-30,000513 CH Equity,CNE0000002Y8,21070302W,,,,,0.006211180124223602,,,,,0.0015121894048045336
18,2025-11-30,000519 CH Equity,CNE000000198,27213201W,,,,,0.006211180124223602,0.006172839506172839,,,,0.0016604050476887596
19,2025-11-30,000538 CH Equity,CNE0000008X7,27143001W,,,,,,,,,,0.0
20,2025-11-30,000564 CH Equity,CNE0000003W0,26023701W,,,,,,,,,,0.0
21,2025-11-30,000568 CH Equity,CNE000000GF2,24376701W,,,,0.013888888888888888,0.006211180124223602,0.006172839506172839,,,0.010416666666666666,0.00306176540645373
22,2025-11-30,000596 CH Equity,CNE000000MD5,24373702W,-0.012048192771084338,,,-0.014084507042253521,-0.012345679012345678,-0.012345679012345678,,,0.010416666666666666,-0.004923891139395846
23,2025-11-30,000617 CH Equity,CNE000000MS3,27233101W,,,,-0.014084507042253521,,,-0.03333333333333333,,0.010416666666666666,-0.008283599839617703
24,2025-11-30,000625 CH Equity,CNE000000R36,24206101W,-0.012048192771084338,-0.012345679012345678,,,,,,,-0.010752688172043012,-0.002813593682447516
25,2025-11-30,000629 CH Equity,CNE0000007H2,25134401W,,,,,,-0.012345679012345678,,,,-0.0002964312857684522
26,2025-11-30,000630 CH Equity,CNE000000529,27103901W,0.011904761904761904,,,,0.006211180124223602,,,,0.010416666666666666,0.0017993032363770572
27,2025-11-30,000651 CH Equity,CNE0000001D4,25998001W,-0.012048192771084338,,,,,,0.03333333333333333,,,0.006661849790601788
28,2025-11-30,000661 CH Equity,CNE0000007J8,27213001W,-0.012048192771084338,,,,0.006211180124223602,0.006172839506172839,,,,0.001399904784840696
29,2025-11-30,000708 CH Equity,CNE0000008J6,25997201W,,,,,0.006211180124223602,,,,,0.0015121894048045336
30,2025-11-30,000709 CH Equity,CNE000000H20,24386801W,,,,,,,,,-0.010752688172043012,-3.0673303050109864e-05
31,2025-11-30,000725 CH Equity,CNE0000016L5,24205802W,-0.012048192771084338,-0.012345679012345678,,,,,,,-0.010752688172043012,-0.002813593682447516
32,2025-11-30,000728 CH Equity,CNE000000QZ9,27200801W,,,,,,,,,,0.0
33,2025-11-30,000729 CH Equity,CNE000000S84,25130601W,0.011904761904761904,,0.04,,0.006211180124223602,0.006172839506172839,,,,0.003915282737342975
34,2025-11-30,000733 CH Equity,CNE000000RY0,24375901W,-0.012048192771084338,,,,0.006211180124223602,,,,-0.010752688172043012,0.00122101583890636
35,2025-11-30,000738 CH Equity,CNE000000RM5,27196001W,,,,-0.014084507042253521,,-0.012345679012345678,,,,-0.0016873958342660963
36,2025-11-30,000750 CH Equity,CNE0000008K4,27196601W,,,,0.013888888888888888,,,,,,0.0013716455964351768
37,2025-11-30,000768 CH Equity,CNE000000RF9,27104601W,,,,,,,,,,0.0
38,2025-11-30,000776 CH Equity,CNE0000008L2,27199901W,,,,-0.014084507042253521,,,-0.03333333333333333,,0.010416666666666666,-0.008283599839617703
39,2025-11-30,000783 CH Equity,CNE000000SH3,25137601W,,,,,,,-0.03333333333333333,,0.010416666666666666,-0.006892635291120058
40,2025-11-30,000786 CH Equity,CNE000000QS4,25983101W,-0.012048192771084338,-0.012345679012345678,,,,-0.012345679012345678,,,,-0.0030793516651658583
41,2025-11-30,000792 CH Equity,CNE000000SW2,26009701W,,,,,0.006211180124223602,,,,,0.0015121894048045336
42,2025-11-30,000807 CH Equity,CNE000000VG9,26026901W,,,,,,,,,,0.0
43,2025-11-30,000830 CH Equity,CNE000000WN3,27202401W,,,,,,,,,,0.0
44,2025-11-30,000831 CH Equity,CNE000000WS2,26016801W,,0.012048192771084338,,,-0.012345679012345678,0.006172839506172839,,,0.010416666666666666,-0.00036614049047581284
45,2025-11-30,000858 CH Equity,CNE000000VQ8,24368301W,-0.012048192771084338,,,0.013888888888888888,-0.012345679012345678,-0.012345679012345678,,,,-0.0021909957567928197
46,2025-11-30,000876 CH Equity,CNE000000VB0,25955001W,,,0.04,,0.006211180124223602,0.006172839506172839,,,,0.003657883668100245
47,2025-11-30,000878 CH Equity,CNE000000W13,26027101W,0.011904761904761904,0.012048192771084338,,,-0.012345679012345678,,,,,-0.0002866718264471032
48,2025-11-30,000895 CH Equity,CNE000000XM3,26000401W,,,,,,,,,-0.010752688172043012,-3.0673303050109864e-05
49,2025-11-30,000932 CH Equity,CNE000001006,25133201W,0.011904761904761904,,,,0.006211180124223602,,,,,0.0017695884740472631
50,2025-11-30,000933 CH Equity,CNE000001097,26000301W,-0.012048192771084338,,,,,,,,,-0.0002605002628480638
51,2025-11-30,000938 CH Equity,CNE0000010T1,26022301W,,,,,0.006211180124223602,,,,,0.0015121894048045336
52,2025-11-30,000960 CH Equity,CNE0000011D3,27024101W,,,,,,0.006172839506172839,,,,0.0001482156428842261
53,2025-11-30,000963 CH Equity,CNE0000011S1,26000801W,,,,,,0.006172839506172839,,,,0.0001482156428842261
54,2025-11-30,000975 CH Equity,CNE0000012L4,27115501W,0.011904761904761904,,,,-0.012345679012345678,0.006172839506172839,,,,-0.0026000950924845246
55,2025-11-30,000977 CH Equity,CNE0000012M2,27213901W,,,,,-0.012345679012345678,0.006172839506172839,,,,-0.0028574941617272543
56,2025-11-30,000983 CH Equity,CNE0000013Y5,25137101W,,,,,0.006211180124223602,-0.012345679012345678,,-0.038461538461538464,,-0.004452336234100985
57,2025-11-30,000988 CH Equity,CNE000001303,25900801W,,,,,,0.006172839506172839,,,0.010416666666666666,0.00017793040521402003
58,2025-11-30,000999 CH Equity,CNE0000011K8,25135901W,-0.012048192771084338,-0.012345679012345678,,,0.006211180124223602,-0.012345679012345678,,,,-0.0015671622603613247
59,2025-11-30,001965 CH Equity,CNE1000032B1,32631201W,,,,,,-0.012345679012345678,,,,-0.0002964312857684522
60,2025-11-30,002001 CH Equity,CNE000001J84,27070401W,,,,,-0.012345679012345678,,,,-0.010752688172043012,-0.0030363831076615903
61,2025-11-30,002007 CH Equity,CNE000001JN8,27076001W,,-0.012345679012345678,,,0.006211180124223602,,,,,-0.0010102307117448087
62,2025-11-30,002008 CH Equity,CNE000001JQ1,27069601W,0.011904761904761904,0.012048192771084338,,,0.006211180124223602,0.006172839506172839,,,0.010416666666666666,0.004409157788182931
63,2025-11-30,002027 CH Equity,CNE000001KK2,27088901W,,,-0.043478260869565216,,,,,,,-0.0021711724134907454
64,2025-11-30,002028 CH Equity,CNE000001KM8,27088301W,0.011904761904761904,0.012048192771084338,,,0.006211180124223602,0.006172839506172839,,,0.010416666666666666,0.004409157788182931
65,2025-11-30,002049 CH Equity,CNE000001M14,27334601W,,,,,0.006211180124223602,0.006172839506172839,,,,0.0016604050476887596
66,2025-11-30,002050 CH Equity,CNE000001M22,27311401W,,0.012048192771084338,,,-0.012345679012345678,0.006172839506172839,,,0.010416666666666666,-0.00036614049047581284
67,2025-11-30,002056 CH Equity,CNE000001N70,27823101W,,,,0.013888888888888888,0.006211180124223602,,,,,0.00288383500123971
68,2025-11-30,002064 CH Equity,CNE000001NK6,27844801W,-0.012048192771084338,-0.012345679012345678,,,,-0.012345679012345678,,,,-0.0030793516651658583
69,2025-11-30,002074 CH Equity,CNE000001NY7,27918201W,0.011904761904761904,0.012048192771084338,,-0.014084507042253521,,0.006172839506172839,,,0.010416666666666666,0.0015060038348807532
70,2025-11-30,002078 CH Equity,CNE000001P52,27939301W,,,,,,,,,-0.010752688172043012,-3.0673303050109864e-05
71,2025-11-30,002080 CH Equity,CNE000001P78,27944101W,0.011904761904761904,0.012048192771084338,,,0.006211180124223602,0.006172839506172839,,,0.010416666666666666,0.004409157788182931
72,2025-11-30,002085 CH Equity,CNE000001PF1,27964001W,,,,,,,,,,0.0
73,2025-11-30,002128 CH Equity,CNE100000098,28433601W,,,,,,0.006172839506172839,,0.09090909090909091,,0.01354552956848093
74,2025-11-30,002129 CH Equity,CNE1000000B8,28433701W,0.011904761904761904,,,-0.014084507042253521,0.006211180124223602,-0.012345679012345678,,,,8.219263978116709e-05
75,2025-11-30,002138 CH Equity,CNE1000000M5,28503801W,,,,,,,,,,0.0
76,2025-11-30,002142 CH Equity,CNE1000005P7,28587701W,,,,0.013888888888888888,,,,,-0.010752688172043012,0.0013409722933850668
77,2025-11-30,002152 CH Equity,CNE100000650,28574301W,,,,0.013888888888888888,,,,,-0.010752688172043012,0.0013409722933850668
78,2025-11-30,002156 CH Equity,CNE1000006C3,28580401W,,0.012048192771084338,,,0.006211180124223602,,,,0.010416666666666666,0.004003543076055975
79,2025-11-30,002157 CH Equity,CNE1000006H2,28583101W,,,,,0.006211180124223602,,,,,0.0015121894048045336
80,2025-11-30,002179 CH Equity,CNE1000007T5,28706701W,,,,-0.014084507042253521,-0.012345679012345678,,,,-0.010752688172043012,-0.0044273476561592345
81,2025-11-30,002180 CH Equity,CNE1000007W9,28706801W,-0.012048192771084338,,,,-0.012345679012345678,-0.012345679012345678,,,-0.010752688172043012,-0.0035933146562781063
82,2025-11-30,002185 CH Equity,CNE100000825,28719601W,,0.012048192771084338,,-0.014084507042253521,,,,,,0.0010706743604240036
83,2025-11-30,002202 CH Equity,CNE1000008S5,28768401W,0.011904761904761904,0.012048192771084338,,,0.006211180124223602,0.006172839506172839,,,0.010416666666666666,0.004409157788182931
84,2025-11-30,002223 CH Equity,CNE1000009X3,28865501W,,,,,,,,,,0.0
85,2025-11-30,002230 CH Equity,CNE100000B81,28871001W,,,,,,,,,-0.010752688172043012,-3.0673303050109864e-05
86,2025-11-30,002236 CH Equity,CNE100000BJ4,28883901W,0.011904761904761904,0.012048192771084338,,,,,,,,0.0027190379781643773
87,2025-11-30,002241 CH Equity,CNE100000BP1,28883601W,0.011904761904761904,,,,,,,,,0.00025739906924272967
88,2025-11-30,002252 CH Equity,CNE100000C31,28901601W,,,,,0.006211180124223602,,,,,0.0015121894048045336
89,2025-11-30,002261 CH Equity,CNE100000CF0,28918401W,,,-0.043478260869565216,0.013888888888888888,,,,,,-0.0007995268170555687
90,2025-11-30,002262 CH Equity,CNE100000CG8,28918501W,,,,,,,,,,0.0
91,2025-11-30,002271 CH Equity,CNE100000CS3,28960801W,,-0.012345679012345678,,,0.006211180124223602,-0.012345679012345678,,,,-0.001306661997513261
92,2025-11-30,002273 CH Equity,CNE100000CT1,28961001W,,,,,,,,,,0.0
93,2025-11-30,002281 CH Equity,CNE100000F87,29246501W,,,,,-0.012345679012345678,0.006172839506172839,,,,-0.0028574941617272543
94,2025-11-30,002294 CH Equity,CNE100000FW8,29267501W,,,,,0.006211180124223602,0.006172839506172839,,,,0.0016604050476887596
95,2025-11-30,002304 CH Equity,CNE100000HB8,29301701W,-0.012048192771084338,,,-0.014084507042253521,0.006211180124223602,-0.012345679012345678,,,,-0.00043570669230962635
96,2025-11-30,002311 CH Equity,CNE100000HP8,29316801W,,,,,0.006211180124223602,0.006172839506172839,,,,0.0016604050476887596
97,2025-11-30,002340 CH Equity,CNE100000KT4,29372001W,,,,-0.014084507042253521,0.006211180124223602,,,,,0.00012122485630688962
98,2025-11-30,002352 CH Equity,CNE100000L63,29381101W,,,,,,0.006172839506172839,,,,0.0001482156428842261
99,2025-11-30,002353 CH Equity,CNE100000L55,29381201W,,0.012048192771084338,-0.043478260869565216,,0.006211180124223602,0.006172839506172839,,-0.038461538461538464,0.010416666666666666,-0.0036875080476876103
100,2025-11-30,002371 CH Equity,CNE100000ML7,29404201W,,,,,,0.006172839506172839,,,,0.0001482156428842261
101,2025-11-30,002384 CH Equity,CNE100000N79,29420401W,,-0.012345679012345678,,,,0.006172839506172839,,,0.010416666666666666,-0.002344489711335322
102,2025-11-30,002409 CH Equity,CNE100000PG0,29458701W,,,,,-0.012345679012345678,0.006172839506172839,,,,-0.0028574941617272543
103,2025-11-30,002414 CH Equity,CNE100000RK8,29459201W,0.011904761904761904,0.012048192771084338,,0.013888888888888888,0.006211180124223602,,,,,0.005602872979404087
104,2025-11-30,002415 CH Equity,CNE100000PM8,29459401W,,,,0.013888888888888888,,,,,,0.0013716455964351768
105,2025-11-30,002422 CH Equity,CNE100000PW7,29476001W,-0.012048192771084338,,,,,0.006172839506172839,,,,-0.00011228461996383768
106,2025-11-30,002429 CH Equity,CNE100000Q50,29482001W,,,,,,,-0.03333333333333333,,0.010416666666666666,-0.006892635291120058
107,2025-11-30,002430 CH Equity,CNE100000Q68,29482401W,,,,,0.006211180124223602,,,,,0.0015121894048045336
108,2025-11-30,002444 CH Equity,CNE100000RC5,29502601W,0.011904761904761904,,,,,,,,,0.00025739906924272967
109,2025-11-30,002456 CH Equity,CNE100000S33,29502901W,-0.012048192771084338,-0.012345679012345678,,,0.006211180124223602,-0.012345679012345678,,,,-0.0015671622603613247
110,2025-11-30,002459 CH Equity,CNE100000SD1,33550301W,-0.012048192771084338,-0.012345679012345678,,,,-0.012345679012345678,,,,-0.0030793516651658583
111,2025-11-30,002460 CH Equity,CNE100000SF6,29513601W,,-0.012345679012345678,,,0.006211180124223602,0.006172839506172839,,,0.010416666666666666,-0.0008323003065307886
112,2025-11-30,002463 CH Equity,CNE100000SP5,29513901W,0.011904761904761904,,,,,0.006172839506172839,,,,0.00040561471212695576
113,2025-11-30,002465 CH Equity,CNE100000T24,29523901W,-0.012048192771084338,,,-0.014084507042253521,0.006211180124223602,,,,-0.010752688172043012,-0.000169948709591284
114,2025-11-30,002466 CH Equity,CNE100000T32,29524001W,,,,,0.006211180124223602,0.006172839506172839,,,,0.0016604050476887596
115,2025-11-30,002472 CH Equity,CNE100000TF4,29531901W,,,,,,,-0.03333333333333333,,0.010416666666666666,-0.006892635291120058
116,2025-11-30,002475 CH Equity,CNE100000TP3,29532601W,,,,,0.006211180124223602,0.006172839506172839,,,0.010416666666666666,0.0016901198100185537
117,2025-11-30,002493 CH Equity,CNE100000W60,29566201W,,-0.012345679012345678,,,,,,,,-0.0025224201165493423
118,2025-11-30,002517 CH Equity,CNE100000XB5,29586901W,,,-0.043478260869565216,0.013888888888888888,,,-0.03333333333333333,-0.038461538461538464,0.010416666666666666,-0.013360256461312692
119,2025-11-30,002555 CH Equity,CNE1000010N2,29684401W,,,,,,,,0.09090909090909091,,0.013397313925596703
120,2025-11-30,002558 CH Equity,CNE1000010R3,29685501W,,,,0.013888888888888888,,,-0.03333333333333333,-0.038461538461538464,0.010416666666666666,-0.011189084047821948
121,2025-11-30,002594 CH Equity,CNE100001526,25375902W,-0.012048192771084338,-0.012345679012345678,,,,,0.03333333333333333,,-0.010752688172043012,0.004108756371002336
122,2025-11-30,002595 CH Equity,CNE1000014X3,29816201W,0.011904761904761904,0.012048192771084338,,,,0.006172839506172839,,,,0.0028672536210486033
123,2025-11-30,002600 CH Equity,CNE1000015L5,29835401W,0.011904761904761904,,,,,,,,0.010416666666666666,0.0002871138315725236
124,2025-11-30,002601 CH Equity,CNE1000015M3,29835301W,-0.012048192771084338,-0.012345679012345678,,,,,,,,-0.002782920379397406
125,2025-11-30,002603 CH Equity,CNE1000015S0,29838801W,,,,,0.006211180124223602,,,,,0.0015121894048045336
126,2025-11-30,002625 CH Equity,CNE1000018P0,30758701W,,,,-0.014084507042253521,0.006211180124223602,0.006172839506172839,,,,0.0002694404991911157
127,2025-11-30,002648 CH Equity,CNE100001B07,31141001W,-0.012048192771084338,-0.012345679012345678,,,-0.012345679012345678,-0.012345679012345678,,,,-0.006085061469777339
128,2025-11-30,002653 CH Equity,CNE100001BC7,31142801W,,,,,0.006211180124223602,0.006172839506172839,,,,0.0016604050476887596
129,2025-11-30,002673 CH Equity,CNE100001D96,31254501W,,,,,,,,,,0.0
130,2025-11-30,002709 CH Equity,CNE100001RG4,31698501W,,,,,,0.006172839506172839,,,0.010416666666666666,0.00017793040521402003
131,2025-11-30,002714 CH Equity,CNE100001RQ3,31703401W,0.011904761904761904,,,0.013888888888888888,-0.012345679012345678,0.006172839506172839,,,0.010416666666666666,-0.001198734733719554
132,2025-11-30,002736 CH Equity,CNE100001WS9,31897501W,,,,,,,-0.03333333333333333,,0.010416666666666666,-0.006892635291120058
133,2025-11-30,002738 CH Equity,CNE100001WV3,31888101W,-0.012048192771084338,-0.012345679012345678,,,-0.012345679012345678,0.006172839506172839,,,0.010416666666666666,-0.0056106997787948665
134,2025-11-30,002739 CH Equity,CNE100001WW1,31906401W,,,,,,,,-0.038461538461538464,-0.010752688172043012,-0.005698767656187175
135,2025-11-30,002797 CH Equity,CNE1000027G0,32163001W,,,,,,,,,,0.0
136,2025-11-30,002812 CH Equity,CNE100002BR3,32245801W,-0.012048192771084338,-0.012345679012345678,,,0.006211180124223602,0.006172839506172839,,,0.010416666666666666,-0.0010928005693788523
137,2025-11-30,002821 CH Equity,CNE100002BZ6,32287801W,0.011904761904761904,,,,-0.012345679012345678,0.006172839506172839,,,,-0.0026000950924845246
138,2025-11-30,002841 CH Equity,CNE100002K47,32331001W,,,,,,,,,,0.0
139,2025-11-30,002850 CH Equity,CNE100002JW6,32358701W,,,,,,,-0.03333333333333333,,0.010416666666666666,-0.006892635291120058
140,2025-11-30,002851 CH Equity,CNE100002JV8,32364201W,,-0.012345679012345678,,,,0.006172839506172839,,,0.010416666666666666,-0.002344489711335322
141,2025-11-30,002916 CH Equity,CNE100003373,32619401W,0.011904761904761904,0.012048192771084338,,,,0.006172839506172839,,,0.010416666666666666,0.0028969683833783974
142,2025-11-30,002920 CH Equity,CNE1000033C7,32628001W,,,-0.043478260869565216,,,,,,0.010416666666666666,-0.0021414576511609514
143,2025-11-30,002938 CH Equity,CNE100003GF5,32858301W,0.011904761904761904,,,,,0.006172839506172839,,,,0.00040561471212695576
144,2025-11-30,002939 CH Equity,CNE100003GD0,32829201W,,,,,,,-0.03333333333333333,,0.010416666666666666,-0.006892635291120058
145,2025-11-30,002966 CH Equity,CNE100003LQ2,33262701W,,,,,,,,,,0.0
146,2025-11-30,003816 CH Equity,CNE100003N43,31877006W,,-0.012345679012345678,,,-0.012345679012345678,,,-0.038461538461538464,,-0.011196224274297888
147,2025-11-30,300001 CH Equity,CNE100000H69,29280201W,0.011904761904761904,,,,-0.012345679012345678,0.006172839506172839,,,,-0.0026000950924845246
148,2025-11-30,300003 CH Equity,CNE100000H44,29280401W,0.011904761904761904,0.012048192771084338,,,0.006211180124223602,0.006172839506172839,,,,0.004379443025853137
149,2025-11-30,300012 CH Equity,CNE100000GV8,29284301W,,,,,,,,,,0.0
150,2025-11-30,300014 CH Equity,CNE100000GS4,29284501W,0.011904761904761904,-0.012345679012345678,,,0.006211180124223602,0.006172839506172839,,,0.010416666666666666,-0.000574901237288059
151,2025-11-30,300015 CH Equity,CNE100000GR6,29284601W,,,,,,,,,,0.0
152,2025-11-30,300017 CH Equity,CNE100000GQ8,29284801W,,,,,-0.012345679012345678,,,,-0.010752688172043012,-0.0030363831076615903
153,2025-11-30,300033 CH Equity,CNE100000JG3,29351501W,,,,,,,-0.03333333333333333,,0.010416666666666666,-0.006892635291120058
154,2025-11-30,300037 CH Equity,CNE100000K15,29360601W,,,,,,0.006172839506172839,,,0.010416666666666666,0.00017793040521402003
155,2025-11-30,300054 CH Equity,CNE100000LM7,29382201W,,,,,,0.006172839506172839,,,,0.0001482156428842261
156,2025-11-30,300059 CH Equity,CNE100000MD4,29421201W,,,,-0.014084507042253521,,,,,,-0.001390964548497644
157,2025-11-30,300115 CH Equity,CNE100000T40,29524801W,-0.012048192771084338,0.012048192771084338,,-0.014084507042253521,0.006211180124223602,-0.012345679012345678,,,0.010416666666666666,0.0020556469789418147
158,2025-11-30,300122 CH Equity,CNE100000V20,29534401W,-0.012048192771084338,-0.012345679012345678,,,0.006211180124223602,-0.012345679012345678,,,,-0.0015671622603613247
159,2025-11-30,300124 CH Equity,CNE100000V46,29534601W,,0.012048192771084338,,,,0.006172839506172839,,,,0.0026098545518058736
160,2025-11-30,300136 CH Equity,CNE100000W94,29568001W,,,,,,,,,,0.0
161,2025-11-30,300144 CH Equity,CNE100000XG4,29598201W,-0.012048192771084338,-0.012345679012345678,,,,,0.03333333333333333,,-0.010752688172043012,0.004108756371002336
162,2025-11-30,300207 CH Equity,CNE100001260,29716101W,,,,-0.014084507042253521,,0.006172839506172839,,,0.010416666666666666,-0.0012130341432836239
163,2025-11-30,300223 CH Equity,CNE100001377,29788801W,,0.012048192771084338,,0.013888888888888888,0.006211180124223602,0.006172839506172839,,,,0.005493689553045584
164,2025-11-30,300251 CH Equity,CNE100001617,29839701W,,,,,,,0.03333333333333333,-0.038461538461538464,,0.0012542557003127862
165,2025-11-30,300255 CH Equity,CNE1000016C2,29867201W,,,,,,0.006172839506172839,,,,0.0001482156428842261
166,2025-11-30,300274 CH Equity,CNE1000018M7,30639201W,0.011904761904761904,0.012048192771084338,,0.013888888888888888,0.006211180124223602,0.006172839506172839,,,0.010416666666666666,0.0057808033846181075
167,2025-11-30,300308 CH Equity,CNE100001CY9,31216101W,0.011904761904761904,0.012048192771084338,,0.013888888888888888,,0.006172839506172839,,,0.010416666666666666,0.004268613979813574
168,2025-11-30,300316 CH Equity,CNE100001DJ8,31255301W,-0.012048192771084338,-0.012345679012345678,,,,,,,,-0.002782920379397406
169,2025-11-30,300339 CH Equity,CNE100001JT4,31306901W,,,,,,,,,,0.0
170,2025-11-30,300347 CH Equity,CNE100001KV8,31347901W,,0.012048192771084338,,,0.006211180124223602,,,,,0.003973828313726181
171,2025-11-30,300373 CH Equity,CNE100001R90,31699101W,0.011904761904761904,0.012048192771084338,,,,0.006172839506172839,,,,0.0028672536210486033
172,2025-11-30,300394 CH Equity,CNE100001XQ1,31925201W,0.011904761904761904,0.012048192771084338,,,0.006211180124223602,0.006172839506172839,,,0.010416666666666666,0.004409157788182931
173,2025-11-30,300408 CH Equity,CNE100001Y42,31876201W,,,,0.013888888888888888,,,,,,0.0013716455964351768
174,2025-11-30,300413 CH Equity,CNE100001Y83,32952501W,,,,,,,,-0.038461538461538464,0.010416666666666666,-0.005638379590807272
175,2025-11-30,300418 CH Equity,CNE100001YF2,31903801W,,,,-0.014084507042253521,,,-0.03333333333333333,-0.038461538461538464,,-0.013981408955084563
176,2025-11-30,300433 CH Equity,CNE100001YW7,31937201W,,,,,,,,,,0.0
177,2025-11-30,300442 CH Equity,CNE100001Z58,31960901W,,,,-0.014084507042253521,0.006211180124223602,,,,,0.00012122485630688962
178,2025-11-30,300450 CH Equity,CNE100001ZF9,31970601W,0.011904761904761904,,,0.013888888888888888,0.006211180124223602,0.006172839506172839,,,0.010416666666666666,0.00331916447569646
179,2025-11-30,300454 CH Equity,CNE1000033T1,32723301W,,0.012048192771084338,,0.013888888888888888,,0.006172839506172839,,,,0.00398150014824105
180,2025-11-30,300474 CH Equity,CNE100002664,32145701W,-0.012048192771084338,-0.012345679012345678,,-0.014084507042253521,0.006211180124223602,-0.012345679012345678,,,,-0.0029581268088589687
181,2025-11-30,300476 CH Equity,CNE1000020V4,31985801W,0.011904761904761904,0.012048192771084338,,,0.006211180124223602,0.006172839506172839,,,0.010416666666666666,0.004409157788182931
182,2025-11-30,300487 CH Equity,CNE100002136,32002301W,,,,,0.006211180124223602,0.006172839506172839,,,,0.0016604050476887596
183,2025-11-30,300496 CH Equity,CNE1000021D0,32096101W,,,,,0.006211180124223602,0.006172839506172839,,,,0.0016604050476887596
184,2025-11-30,300498 CH Equity,CNE100002508,32066801W,,,0.04,,-0.012345679012345678,0.006172839506172839,,,,-0.0008600155413157687
185,2025-11-30,300502 CH Equity,CNE100002615,32133601W,0.011904761904761904,0.012048192771084338,,0.013888888888888888,-0.012345679012345678,0.006172839506172839,,,0.010416666666666666,0.0012629041752020935
186,2025-11-30,300604 CH Equity,CNE100002Q09,32399601W,-0.012048192771084338,-0.012345679012345678,,-0.014084507042253521,-0.012345679012345678,-0.012345679012345678,,,,-0.007476026018274982
187,2025-11-30,300628 CH Equity,CNE100002PC5,32373301W,,,,0.013888888888888888,-0.012345679012345678,-0.012345679012345678,,,-0.010752688172043012,-0.0019611687969948656
188,2025-11-30,300661 CH Equity,CNE100002NT4,32470501W,,,,,,0.006172839506172839,,,,0.0001482156428842261
189,2025-11-30,300699 CH Equity,CNE1000034T9,32530101W,,-0.012345679012345678,,,0.006211180124223602,-0.012345679012345678,,,-0.010752688172043012,-0.0013373353005633707
190,2025-11-30,300724 CH Equity,CNE100003G91,32790101W,-0.012048192771084338,,,,-0.012345679012345678,0.006172839506172839,,,0.010416666666666666,-0.0030882796622455242
191,2025-11-30,300748 CH Equity,CNE100003G83,32845801W,,0.012048192771084338,,-0.014084507042253521,,-0.012345679012345678,,,,0.0007742430746555514
192,2025-11-30,300750 CH Equity,CNE100003662,32741501W,0.011904761904761904,0.012048192771084338,,0.013888888888888888,0.006211180124223602,0.006172839506172839,,,0.010416666666666666,0.0057808033846181075
193,2025-11-30,300751 CH Equity,CNE100003FS0,32935601W,,,,-0.014084507042253521,,-0.012345679012345678,,,,-0.0016873958342660963
194,2025-11-30,300759 CH Equity,CNE100003JW4,33165401W,,,,,,,,,,0.0
195,2025-11-30,300760 CH Equity,CNE100003G67,32896601W,-0.012048192771084338,-0.012345679012345678,,,,-0.012345679012345678,,,,-0.0030793516651658583
196,2025-11-30,300763 CH Equity,CNE100003JZ7,33131301W,,0.012048192771084338,,0.013888888888888888,0.006211180124223602,0.006172839506172839,,,0.010416666666666666,0.005523404315375378
197,2025-11-30,300765 CH Equity,CNE100003K04,33129401W,,0.012048192771084338,,,0.006211180124223602,0.006172839506172839,,,,0.004122043956610407
198,2025-11-30,300779 CH Equity,CNE100003QG2,33234301W,,,,-0.014084507042253521,0.006211180124223602,0.006172839506172839,,,,0.0002694404991911157
199,2025-11-30,300782 CH Equity,CNE100003QK4,33263901W,-0.012048192771084338,-0.012345679012345678,,,0.006211180124223602,-0.012345679012345678,,,-0.010752688172043012,-0.0015978355634114346
200,2025-11-30,300803 CH Equity,CNE000001QQ6,33497501W,,,,,,,-0.03333333333333333,,0.010416666666666666,-0.006892635291120058
201,2025-11-30,300832 CH Equity,CNE100003T39,33837401W,,-0.012345679012345678,,,-0.012345679012345678,-0.012345679012345678,,,,-0.005824561206929275
202,2025-11-30,300866 CH Equity,CNE1000047B9,33949401W,0.011904761904761904,0.012048192771084338,,,-0.012345679012345678,0.006172839506172839,,,,-0.0001384561835628771
203,2025-11-30,300896 CH Equity,CNE100004868,34019201W,-0.012048192771084338,-0.012345679012345678,,,-0.012345679012345678,-0.012345679012345678,,,,-0.006085061469777339
204,2025-11-30,300919 CH Equity,CNE1000049X9,34607201W,,-0.012345679012345678,,-0.014084507042253521,,0.006172839506172839,,,0.010416666666666666,-0.0037354542598329664
205,2025-11-30,301236 CH Equity,CNE1000058S0,18604101W,,,,,-0.012345679012345678,-0.012345679012345678,,,-0.010752688172043012,-0.0033328143934300424
206,2025-11-30,301269 CH Equity,CNE100005GY1,35399801W,,,,,-0.012345679012345678,,,,-0.010752688172043012,-0.0030363831076615903
207,2025-11-30,301358 CH Equity,CNE100005YS6,35566601W,-0.012048192771084338,-0.012345679012345678,,-0.014084507042253521,0.006211180124223602,,,,0.010416666666666666,-0.0026319807607607226
208,2025-11-30,302132 CH Equity,CNE100006T10,29519401W,,,,-0.014084507042253521,-0.012345679012345678,0.006172839506172839,,,-0.010752688172043012,-0.004279132013275008
209,2025-11-30,600000 CH Equity,CNE0000011B7,24382901W,,,,,,,,,,0.0
210,2025-11-30,600004 CH Equity,CNE000001DX0,25900701W,,0.012048192771084338,,0.013888888888888888,,,,,-0.010752688172043012,0.0038026112023067144
211,2025-11-30,600008 CH Equity,CNE000001295,25982901W,0.011904761904761904,0.012048192771084338,0.04,,0.006211180124223602,0.006172839506172839,,-0.038461538461538464,,0.0007088272931275565
212,2025-11-30,600009 CH Equity,CNE000000V89,24363201W,,,,0.013888888888888888,0.006211180124223602,-0.012345679012345678,,,-0.010752688172043012,0.002556730412421148
213,2025-11-30,600010 CH Equity,CNE0000017H1,25133401W,,,,,0.006211180124223602,,,,,0.0015121894048045336
214,2025-11-30,600011 CH Equity,CNE000001998,03074702W,0.011904761904761904,0.012048192771084338,0.04,,0.006211180124223602,0.006172839506172839,,0.09090909090909091,,0.019774235571861323
215,2025-11-30,600015 CH Equity,CNE000001FW7,26001001W,,,,,,,0.03333333333333333,,0.010416666666666666,0.006952064815779646
216,2025-11-30,600016 CH Equity,CNE0000015Y0,24948201W,,,,0.013888888888888888,,,0.03333333333333333,,0.010416666666666666,0.008323710412214823
217,2025-11-30,600019 CH Equity,CNE0000015R4,24947901W,,,,,0.006211180124223602,,,,-0.010752688172043012,0.0014815161017544237
218,2025-11-30,600021 CH Equity,CNE000001G53,26016301W,0.011904761904761904,0.012048192771084338,-0.043478260869565216,-0.014084507042253521,,0.006172839506172839,-0.03333333333333333,-0.038461538461538464,,-0.013285327747526705
219,2025-11-30,600023 CH Equity,CNE100001SP3,31693701W,,,,,0.006211180124223602,,0.03333333333333333,0.09090909090909091,,0.021831853383851088
220,2025-11-30,600026 CH Equity,CNE000001BD6,21175902W,,-0.012345679012345678,,,0.006211180124223602,,,-0.038461538461538464,0.010416666666666666,-0.006648610302552081
221,2025-11-30,600027 CH Equity,CNE000001LJ2,23602502W,-0.012048192771084338,,0.04,0.013888888888888888,-0.012345679012345678,0.006172839506172839,0.03333333333333333,0.09090909090909091,,0.0205707937713179
222,2025-11-30,600028 CH Equity,CNE0000018G1,14075602W,,-0.012345679012345678,0.04,,,,,-0.038461538461538464,-0.010752688172043012,-0.006223709152325032
223,2025-11-30,600029 CH Equity,CNE000001FG0,20580902W,,-0.012345679012345678,,,0.006211180124223602,,,,,-0.0010102307117448087
224,2025-11-30,600030 CH Equity,CNE000001DB6,25712001W,,,,,,,,,,0.0
225,2025-11-30,600031 CH Equity,CNE000001F70,26012701W,0.011904761904761904,,,0.013888888888888888,,0.006172839506172839,,,,0.0017772603085621326
226,2025-11-30,600036 CH Equity,CNE000001B33,25402301W,,,,-0.014084507042253521,,,0.03333333333333333,,,0.005531385504952208
227,2025-11-30,600038 CH Equity,CNE0000015V6,25999401W,,,,0.013888888888888888,-0.012345679012345678,-0.012345679012345678,,,,-0.0019304954939447557
228,2025-11-30,600039 CH Equity,CNE000001DQ4,27075201W,,,,,-0.012345679012345678,,,,,-0.0030057098046114804
229,2025-11-30,600050 CH Equity,CNE000001CS2,25736201W,,,0.04,,,,,,-0.010752688172043012,0.0019668053173613757
230,2025-11-30,600060 CH Equity,CNE000000PF3,24379501W,,,0.04,,,,,,,0.0019974786204114857
231,2025-11-30,600061 CH Equity,CNE000000Q11,27244501W,,,,0.013888888888888888,,,,,,0.0013716455964351768
232,2025-11-30,600066 CH Equity,CNE000000PY4,26027901W,0.011904761904761904,0.012048192771084338,,,-0.012345679012345678,0.006172839506172839,,,,-0.0001384561835628771
233,2025-11-30,600079 CH Equity,CNE000000QW6,27194101W,,,,,,,,,,0.0
234,2025-11-30,600085 CH Equity,CNE000000R69,25130201W,,,,,-0.012345679012345678,-0.012345679012345678,,,,-0.0033021410903799325
235,2025-11-30,600089 CH Equity,CNE000000RB8,27104701W,0.011904761904761904,0.012048192771084338,,-0.014084507042253521,,0.006172839506172839,,,0.010416666666666666,0.0015060038348807532
236,2025-11-30,600096 CH Equity,CNE000000S01,27087001W,,,,,,0.006172839506172839,,,,0.0001482156428842261
237,2025-11-30,600104 CH Equity,CNE000000TY6,24380401W,0.011904761904761904,0.012048192771084338,0.04,,,,,,,0.004716516598575863
238,2025-11-30,600109 CH Equity,CNE000000SV4,27202001W,,,,,,,-0.03333333333333333,,,-0.006922350053449852
239,2025-11-30,600111 CH Equity,CNE000000T18,27104401W,,0.012048192771084338,,,,0.006172839506172839,,,0.010416666666666666,0.0026395693141356676
240,2025-11-30,600115 CH Equity,CNE000000TR0,06433602W,-0.012048192771084338,-0.012345679012345678,,0.013888888888888888,,,,,,-0.0014112747829622292
241,2025-11-30,600118 CH Equity,CNE000000SM3,27193701W,,,,,0.006211180124223602,0.006172839506172839,,,0.010416666666666666,0.0016901198100185537
242,2025-11-30,600126 CH Equity,CNE000000V97,25132201W,-0.012048192771084338,-0.012345679012345678,,,0.006211180124223602,,,,-0.010752688172043012,-0.0013014042776429823
243,2025-11-30,600132 CH Equity,CNE000000TL3,27104101W,,,,0.013888888888888888,0.006211180124223602,,,,-0.010752688172043012,0.0028531616981896006
244,2025-11-30,600141 CH Equity,CNE000000ZC9,27209501W,,,,,,0.006172839506172839,,,,0.0001482156428842261
245,2025-11-30,600143 CH Equity,CNE000001JP3,27068101W,,,,,,-0.012345679012345678,,,,-0.0002964312857684522
246,2025-11-30,600150 CH Equity,CNE000000W05,27122801W,,,,,,0.006172839506172839,,,,0.0001482156428842261
247,2025-11-30,600153 CH Equity,CNE000000WL7,26023401W,-0.012048192771084338,-0.012345679012345678,,,-0.012345679012345678,,,,-0.010752688172043012,-0.005819303487058996
248,2025-11-30,600157 CH Equity,CNE000000WD4,27201501W,-0.012048192771084338,-0.012345679012345678,0.04,0.013888888888888888,0.006211180124223602,,-0.03333333333333333,-0.038461538461538464,,-0.010492051164333127
249,2025-11-30,600160 CH Equity,CNE000000WQ6,27118001W,,,,,,0.006172839506172839,,,,0.0001482156428842261
250,2025-11-30,600161 CH Equity,CNE000000WF9,25983201W,-0.012048192771084338,-0.012345679012345678,,,-0.012345679012345678,,,,,-0.005788630184008887
251,2025-11-30,600170 CH Equity,CNE000000WR4,25135201W,,,,,-0.012345679012345678,,,,,-0.0030057098046114804
252,2025-11-30,600176 CH Equity,CNE000000YM1,25990501W,,0.012048192771084338,,,,,,,,0.0024616389089216475
253,2025-11-30,600183 CH Equity,CNE000000XL5,25699301W,0.011904761904761904,0.012048192771084338,,,0.006211180124223602,0.006172839506172839,,,0.010416666666666666,0.004409157788182931
254,2025-11-30,600188 CH Equity,CNE000000WV6,10889302W,,,,,-0.012345679012345678,,,-0.038461538461538464,,-0.008673804157748547
255,2025-11-30,600196 CH Equity,CNE000000X38,26012201W,0.011904761904761904,0.012048192771084338,,,,,,,,0.0027190379781643773
256,2025-11-30,600219 CH Equity,CNE000001139,26013801W,,,,,-0.012345679012345678,-0.012345679012345678,,,-0.010752688172043012,-0.0033328143934300424
257,2025-11-30,600221 CH Equity,CNE0000011C5,22065502W,,,,0.013888888888888888,,,,,,0.0013716455964351768
258,2025-11-30,600233 CH Equity,CNE0000012J8,27215901W,0.011904761904761904,0.012048192771084338,,,,0.006172839506172839,,,,0.0028672536210486033
259,2025-11-30,600256 CH Equity,CNE0000012G4,25133801W,,,,,,-0.012345679012345678,,,,-0.0002964312857684522
260,2025-11-30,600276 CH Equity,CNE0000014W7,27108501W,0.011904761904761904,0.012048192771084338,,,-0.012345679012345678,0.006172839506172839,,,,-0.0001384561835628771
261,2025-11-30,600282 CH Equity,CNE0000014Q9,26008401W,,,,,0.006211180124223602,,,,,0.0015121894048045336
262,2025-11-30,600298 CH Equity,CNE0000014G0,27220501W,0.011904761904761904,,,,,0.006172839506172839,,,0.010416666666666666,0.0004353294744567497
263,2025-11-30,600309 CH Equity,CNE0000016J9,26026701W,-0.012048192771084338,,,,0.006211180124223602,-0.012345679012345678,,,,0.0009552578561880176
264,2025-11-30,600329 CH Equity,CNE000001808,24772902W,,,,,,0.006172839506172839,,,,0.0001482156428842261
265,2025-11-30,600332 CH Equity,CNE000001733,22497602W,,,,,0.006211180124223602,,,,,0.0015121894048045336
266,2025-11-30,600346 CH Equity,CNE0000018V0,27231201W,,-0.012345679012345678,,,,,,,,-0.0025224201165493423
267,2025-11-30,600348 CH Equity,CNE000001FP1,26016901W,,-0.012345679012345678,0.04,,,0.006172839506172839,,-0.038461538461538464,,-0.006044820206390696
268,2025-11-30,600352 CH Equity,CNE000001FJ4,26027601W,,,,,-0.012345679012345678,,,,-0.010752688172043012,-0.0030363831076615903
269,2025-11-30,600362 CH Equity,CNE0000019P0,20302402W,0.011904761904761904,0.012048192771084338,,,0.006211180124223602,0.006172839506172839,,,0.010416666666666666,0.004409157788182931
270,2025-11-30,600369 CH Equity,CNE0000016P6,27217701W,,,,0.013888888888888888,,,,,,0.0013716455964351768
271,2025-11-30,600372 CH Equity,CNE0000018C0,27223101W,-0.012048192771084338,,,-0.014084507042253521,0.006211180124223602,,,,-0.010752688172043012,-0.000169948709591284
272,2025-11-30,600380 CH Equity,CNE000001816,25136501W,0.011904761904761904,,,,0.006211180124223602,,,,,0.0017695884740472631
273,2025-11-30,600390 CH Equity,CNE0000016N1,27221901W,,,,,,,,,,0.0
274,2025-11-30,600392 CH Equity,CNE000001DZ5,27073301W,,,,,,-0.012345679012345678,,,,-0.0002964312857684522
275,2025-11-30,600398 CH Equity,CNE0000016H3,25988901W,,,,,,,0.03333333333333333,,,0.006922350053449852
276,2025-11-30,600406 CH Equity,CNE000001G38,27051001W,,,,0.013888888888888888,0.006211180124223602,-0.012345679012345678,,,-0.010752688172043012,0.002556730412421148
277,2025-11-30,600415 CH Equity,CNE000001BC8,27071401W,0.011904761904761904,0.012048192771084338,-0.043478260869565216,,,,,,,0.0005478655646736318
278,2025-11-30,600418 CH Equity,CNE0000018M9,26003201W,0.011904761904761904,-0.012345679012345678,-0.043478260869565216,,,,-0.03333333333333333,,,-0.01135854351424721
279,2025-11-30,600426 CH Equity,CNE000001BM7,27073701W,-0.012048192771084338,,,,,,,,,-0.0002605002628480638
280,2025-11-30,600436 CH Equity,CNE000001F21,27072001W,-0.012048192771084338,,,,-0.012345679012345678,-0.012345679012345678,,,,-0.0035626413532279964
281,2025-11-30,600438 CH Equity,CNE000001GS3,27037701W,-0.012048192771084338,-0.012345679012345678,,-0.014084507042253521,0.006211180124223602,-0.012345679012345678,,,,-0.0029581268088589687
282,2025-11-30,600460 CH Equity,CNE000001DN1,27069001W,,,,,,,,,,0.0
283,2025-11-30,600482 CH Equity,CNE000001KB1,27075401W,,,,0.013888888888888888,,-0.012345679012345678,,,-0.010752688172043012,0.0010445410076166148
284,2025-11-30,600486 CH Equity,CNE000001B66,27072201W,,-0.012345679012345678,,,0.006211180124223602,0.006172839506172839,,,,-0.0008620150688605826
285,2025-11-30,600487 CH Equity,CNE000001FQ9,26003401W,0.011904761904761904,,,,-0.012345679012345678,,,,,-0.0027483107353687506
286,2025-11-30,600489 CH Equity,CNE000001FM8,27069701W,0.011904761904761904,0.012048192771084338,,,,0.006172839506172839,,,0.010416666666666666,0.0028969683833783974
287,2025-11-30,600497 CH Equity,CNE000001HC5,27036201W,,,,,0.006211180124223602,,,,,0.0015121894048045336
288,2025-11-30,600498 CH Equity,CNE0000018P2,25131601W,0.011904761904761904,,,0.013888888888888888,,,,,,0.0016290446656779065
289,2025-11-30,600518 CH Equity,CNE0000017M1,27230101W,,,,,0.006211180124223602,,,,,0.0015121894048045336
290,2025-11-30,600519 CH Equity,CNE0000018R8,25132101W,,,-0.043478260869565216,0.013888888888888888,,-0.012345679012345678,,,,-0.0010959581028240207
291,2025-11-30,600521 CH Equity,CNE000001DL5,27042301W,,,,,-0.012345679012345678,0.006172839506172839,,,,-0.0028574941617272543
292,2025-11-30,600522 CH Equity,CNE000001CW4,27076201W,0.011904761904761904,,,,,,,,,0.00025739906924272967
293,2025-11-30,600535 CH Equity,CNE000001C81,26021901W,,,,,,,,,,0.0
294,2025-11-30,600536 CH Equity,CNE000001BB0,25996501W,,,,,0.006211180124223602,-0.012345679012345678,,,-0.010752688172043012,0.0011850848159859716
295,2025-11-30,600547 CH Equity,CNE000001FR7,27034601W,0.011904761904761904,0.012048192771084338,,,0.006211180124223602,0.006172839506172839,,,,0.004379443025853137
296,2025-11-30,600549 CH Equity,CNE000001D15,27072601W,,,,,0.006211180124223602,0.006172839506172839,,,0.010416666666666666,0.0016901198100185537
297,2025-11-30,600563 CH Equity,CNE000001D72,25712701W,,,,,-0.012345679012345678,-0.012345679012345678,,,-0.010752688172043012,-0.0033328143934300424
298,2025-11-30,600570 CH Equity,CNE000001GD5,27039501W,,,,0.013888888888888888,,,,,-0.010752688172043012,0.0013409722933850668
299,2025-11-30,600580 CH Equity,CNE000001BJ3,27070201W,-0.012048192771084338,,,-0.014084507042253521,0.006211180124223602,-0.012345679012345678,,,,-0.00043570669230962635
300,2025-11-30,600582 CH Equity,CNE000001B90,27074801W,,,,,,,,,-0.010752688172043012,-3.0673303050109864e-05
301,2025-11-30,600583 CH Equity,CNE0000019T2,25403401W,,,0.04,,,0.006172839506172839,,0.09090909090909091,-0.010752688172043012,0.015512334885842305
302,2025-11-30,600584 CH Equity,CNE000001F05,27071501W,-0.012048192771084338,-0.012345679012345678,,,,-0.012345679012345678,,,,-0.0030793516651658583
303,2025-11-30,600585 CH Equity,CNE0000019V8,21683902W,-0.012048192771084338,-0.012345679012345678,,,0.006211180124223602,-0.012345679012345678,,,-0.010752688172043012,-0.0015978355634114346
304,2025-11-30,600588 CH Equity,CNE0000017Y6,25900001W,,,,,0.006211180124223602,,,,,0.0015121894048045336
305,2025-11-30,600598 CH Equity,CNE0000019Z9,25688501W,0.011904761904761904,,,,,0.006172839506172839,,,-0.010752688172043012,0.0003749414090768459
306,2025-11-30,600600 CH Equity,CNE0000009Y3,20924401W,,,,,,,,,-0.010752688172043012,-3.0673303050109864e-05
307,2025-11-30,600637 CH Equity,CNE0000004Z1,24383601W,,,0.04,-0.014084507042253521,,,,-0.038461538461538464,,-0.005061580281223224
308,2025-11-30,600642 CH Equity,CNE0000005Q7,23732801W,,,,,,,0.03333333333333333,0.09090909090909091,,0.020319663979046554
309,2025-11-30,600660 CH Equity,CNE000000230,25900501W,0.011904761904761904,0.012048192771084338,-0.043478260869565216,,,,,,,0.0005478655646736318
310,2025-11-30,600673 CH Equity,CNE000000BL1,24375201W,,,,,0.006211180124223602,0.006172839506172839,,,0.010416666666666666,0.0016901198100185537
311,2025-11-30,600674 CH Equity,CNE000000BQ0,24386001W,,-0.012345679012345678,-0.043478260869565216,-0.014084507042253521,-0.012345679012345678,-0.012345679012345678,0.03333333333333333,-0.038461538461538464,,-0.008132442468604879
312,2025-11-30,600685 CH Equity,CNE000000BP2,20267702W,,,,0.013888888888888888,,0.006172839506172839,,,,0.0015198612393194028
313,2025-11-30,600690 CH Equity,CNE000000CG9,21337801W,,,,,,,,,-0.010752688172043012,-3.0673303050109864e-05
314,2025-11-30,600699 CH Equity,CNE000000DJ1,24376401W,,,,,,,-0.03333333333333333,,0.010416666666666666,-0.006892635291120058
315,2025-11-30,600703 CH Equity,CNE000000KB3,27254101W,-0.012048192771084338,-0.012345679012345678,,,0.006211180124223602,,,,,-0.0012707309745928724
316,2025-11-30,600704 CH Equity,CNE000000KF4,27248801W,0.011904761904761904,0.012048192771084338,0.04,,,,,,,0.004716516598575863
317,2025-11-30,600711 CH Equity,CNE000000KN8,27248201W,,,,,0.006211180124223602,-0.012345679012345678,,,-0.010752688172043012,0.0011850848159859716
318,2025-11-30,600733 CH Equity,CNE000000LP1,32912201W,-0.012048192771084338,0.012048192771084338,,,,,,,,0.0022011386460735836
319,2025-11-30,600737 CH Equity,CNE000000LH8,25133501W,,,,-0.014084507042253521,0.006211180124223602,0.006172839506172839,,,0.010416666666666666,0.00029915526152090964
320,2025-11-30,600741 CH Equity,CNE000000M15,26009901W,0.011904761904761904,0.012048192771084338,0.04,,,,,,,0.004716516598575863
321,2025-11-30,600745 CH Equity,CNE000000M72,27235201W,,-0.012345679012345678,,,-0.012345679012345678,,,,,-0.005528129921160823
322,2025-11-30,600754 CH Equity,CNE000000MK0,21172202W,,,0.04,,,,0.03333333333333333,,-0.010752688172043012,0.008889155370811228
323,2025-11-30,600760 CH Equity,CNE000000MH6,27237701W,,,,-0.014084507042253521,0.006211180124223602,0.006172839506172839,,,,0.0002694404991911157
324,2025-11-30,600765 CH Equity,CNE000000N22,27227401W,-0.012048192771084338,-0.012345679012345678,,-0.014084507042253521,0.006211180124223602,-0.012345679012345678,,,-0.010752688172043012,-0.0029888001119090786
325,2025-11-30,600795 CH Equity,CNE000000PC0,25134701W,,,,,0.006211180124223602,0.006172839506172839,-0.03333333333333333,-0.038461538461538464,,-0.010930039358898158
326,2025-11-30,600803 CH Equity,CNE000000DG7,27234001W,-0.012048192771084338,,,0.013888888888888888,0.006211180124223602,-0.012345679012345678,,,,0.0023269034526231945
327,2025-11-30,600809 CH Equity,CNE000000DH5,24384701W,,,-0.043478260869565216,,0.006211180124223602,,,,0.010416666666666666,-0.0006292682463564179
328,2025-11-30,600839 CH Equity,CNE000000GJ4,24385901W,,,,,,,,,,0.0
329,2025-11-30,600845 CH Equity,CNE000000C66,20834501W,-0.012048192771084338,,,-0.014084507042253521,,-0.012345679012345678,,,-0.010752688172043012,-0.0019785694001642697
330,2025-11-30,600862 CH Equity,CNE000000GZ0,27236901W,,,,0.013888888888888888,-0.012345679012345678,,,,,-0.0016340642081763036
331,2025-11-30,600863 CH Equity,CNE000000GN6,24374501W,-0.012048192771084338,,-0.043478260869565216,,-0.012345679012345678,,,,,-0.005437382480950289
332,2025-11-30,600873 CH Equity,CNE000000HP9,21338301W,,,,,0.006211180124223602,,,,-0.010752688172043012,0.0014815161017544237
333,2025-11-30,600875 CH Equity,CNE000000J28,22146802W,,,,,-0.012345679012345678,0.006172839506172839,,,,-0.0028574941617272543
334,2025-11-30,600879 CH Equity,CNE000000J93,26007601W,,,,,0.006211180124223602,,,,,0.0015121894048045336
335,2025-11-30,600885 CH Equity,CNE000000JK6,27245701W,,,,,0.006211180124223602,0.006172839506172839,,,,0.0016604050476887596
336,2025-11-30,600886 CH Equity,CNE000000JM2,27020201W,,,,,,-0.012345679012345678,,-0.038461538461538464,,-0.005964525638905518
337,2025-11-30,600887 CH Equity,CNE000000JP5,26002901W,0.011904761904761904,,0.04,,0.006211180124223602,,,,-0.010752688172043012,0.003736393791408639
338,2025-11-30,600893 CH Equity,CNE000000JW1,27233301W,,-0.012345679012345678,,-0.014084507042253521,-0.012345679012345678,,,,,-0.006919094469658466
339,2025-11-30,600900 CH Equity,CNE000001G87,25954101W,,,-0.043478260869565216,0.013888888888888888,0.006211180124223602,0.006172839506172839,,-0.038461538461538464,,-0.004807216122503875
340,2025-11-30,600901 CH Equity,CNE100002SX5,32661601W,,,,,,,,,,0.0
341,2025-11-30,600905 CH Equity,CNE1000051F2,34768301W,,-0.012345679012345678,,-0.014084507042253521,,,,-0.038461538461538464,,-0.009581479018184052
342,2025-11-30,600909 CH Equity,CNE100002GR2,32297801W,,,,,,,,,,0.0
343,2025-11-30,600919 CH Equity,CNE100002G76,32205501W,,,,0.013888888888888888,,,,,,0.0013716455964351768
344,2025-11-30,600926 CH Equity,CNE100002GQ4,32272701W,,,,0.013888888888888888,,,,,,0.0013716455964351768
345,2025-11-30,600938 CH Equity,CNE100005980,14254006W,,,-0.043478260869565216,,0.006211180124223602,,,0.09090909090909091,-0.010752688172043012,0.012707657613860382
346,2025-11-30,600941 CH Equity,CNE1000055G1,06566206W,,,,-0.014084507042253521,,,0.03333333333333333,0.09090909090909091,-0.010752688172043012,0.0188980261274988
347,2025-11-30,600958 CH Equity,CNE100001ZV6,31943401W,,,,,,,,,,0.0
348,2025-11-30,600970 CH Equity,CNE000001LS3,27276801W,,,,,0.006211180124223602,-0.012345679012345678,,,,0.0012157581190360813
349,2025-11-30,600985 CH Equity,CNE000001HH4,32942101W,-0.012048192771084338,-0.012345679012345678,,,,-0.012345679012345678,,,,-0.0030793516651658583
350,2025-11-30,600988 CH Equity,CNE000001H94,27038901W,0.011904761904761904,,,,0.006211180124223602,0.006172839506172839,,,,0.0019178041169314894
351,2025-11-30,600989 CH Equity,CNE100003LF5,33190101W,-0.012048192771084338,,,,0.006211180124223602,,,,-0.010752688172043012,0.00122101583890636
352,2025-11-30,600998 CH Equity,CNE100000W45,29569301W,0.011904761904761904,,,,,,,,,0.00025739906924272967
353,2025-11-30,600999 CH Equity,CNE100000HK9,29316901W,,,,-0.014084507042253521,,,,,,-0.001390964548497644
354,2025-11-30,601001 CH Equity,CNE000001MZ6,27788501W,,,0.04,,0.006211180124223602,0.006172839506172839,,,,0.003657883668100245
355,2025-11-30,601006 CH Equity,CNE000001NG4,27832101W,-0.012048192771084338,,,,0.006211180124223602,,,,,0.0012516891419564699
356,2025-11-30,601009 CH Equity,CNE100000627,28587601W,,,,0.013888888888888888,,,,,-0.010752688172043012,0.0013409722933850668
357,2025-11-30,601012 CH Equity,CNE100001FR6,31216901W,-0.012048192771084338,-0.012345679012345678,,,0.006211180124223602,,,,,-0.0012707309745928724
358,2025-11-30,601021 CH Equity,CNE100001V45,31888401W,,,,,,-0.012345679012345678,,,-0.010752688172043012,-0.00032710458881856204
359,2025-11-30,601058 CH Equity,CNE1000015F7,29815401W,,,,,,,,,,0.0
360,2025-11-30,601066 CH Equity,CNE1000031T5,32298603W,,,,0.013888888888888888,,,,,,0.0013716455964351768
361,2025-11-30,601077 CH Equity,CNE100003NZ9,29631103W,,,,-0.014084507042253521,,,0.03333333333333333,,,0.005531385504952208
362,2025-11-30,601088 CH Equity,CNE100000767,27315302W,,0.012048192771084338,-0.043478260869565216,,,,,-0.038461538461538464,,-0.005377627857706164
363,2025-11-30,601099 CH Equity,CNE1000008V9,28774601W,,,,0.013888888888888888,,,-0.03333333333333333,,0.010416666666666666,-0.005520989694684881
364,2025-11-30,601100 CH Equity,CNE1000019R4,30319201W,,0.012048192771084338,,,0.006211180124223602,0.006172839506172839,,,,0.004122043956610407
365,2025-11-30,601108 CH Equity,CNE100002V44,32572501W,,,,,,,,,-0.010752688172043012,-3.0673303050109864e-05
366,2025-11-30,601111 CH Equity,CNE000001NN0,27146702W,-0.012048192771084338,-0.012345679012345678,,0.013888888888888888,,,,,,-0.0014112747829622292
367,2025-11-30,601117 CH Equity,CNE100000KC0,29361201W,,,,,,,,,-0.010752688172043012,-3.0673303050109864e-05
368,2025-11-30,601127 CH Equity,CNE1000028B9,32180201W,,,-0.043478260869565216,,,,,,,-0.0021711724134907454
369,2025-11-30,601128 CH Equity,CNE100002RJ6,32256201W,,,,0.013888888888888888,,,,,-0.010752688172043012,0.0013409722933850668
370,2025-11-30,601136 CH Equity,CNE100005VG7,35505501W,,,,,,,,,,0.0
371,2025-11-30,601138 CH Equity,CNE1000031P3,32738601W,0.011904761904761904,0.012048192771084338,,,0.006211180124223602,0.006172839506172839,,,0.010416666666666666,0.004409157788182931
372,2025-11-30,601162 CH Equity,CNE100003F43,32806701W,,,,,,,-0.03333333333333333,,,-0.006922350053449852
373,2025-11-30,601166 CH Equity,CNE000001QZ7,28248301W,,,,,,,0.03333333333333333,,,0.006922350053449852
374,2025-11-30,601168 CH Equity,CNE100000619,28541101W,0.011904761904761904,,,,,,,,,0.00025739906924272967
375,2025-11-30,601169 CH Equity,CNE100000734,28610901W,,,,0.013888888888888888,,,0.03333333333333333,,0.010416666666666666,0.008323710412214823
376,2025-11-30,601179 CH Equity,CNE100000KW8,29372801W,,,,,0.006211180124223602,-0.012345679012345678,,,,0.0012157581190360813
377,2025-11-30,601186 CH Equity,CNE1000009T1,28841402W,,,,-0.014084507042253521,-0.012345679012345678,-0.012345679012345678,,,-0.010752688172043012,-0.0047237789419276865
378,2025-11-30,601198 CH Equity,CNE100002177,31928401W,,,,,,,,,,0.0
379,2025-11-30,601211 CH Equity,CNE1000022F3,31995701W,,,,,,,,,,0.0
380,2025-11-30,601216 CH Equity,CNE1000010F8,29686701W,,,,,-0.012345679012345678,-0.012345679012345678,,,-0.010752688172043012,-0.0033328143934300424
381,2025-11-30,601225 CH Equity,CNE100001T64,31705701W,,,,,-0.012345679012345678,-0.012345679012345678,,,,-0.0033021410903799325
382,2025-11-30,601229 CH Equity,CNE100002FM5,32288601W,,,,-0.014084507042253521,,,0.03333333333333333,,,0.005531385504952208
383,2025-11-30,601233 CH Equity,CNE1000012X7,29730101W,,0.012048192771084338,,,-0.012345679012345678,,,,,-0.0005440708956898329
384,2025-11-30,601238 CH Equity,CNE100001NQ2,29526303W,-0.012048192771084338,-0.012345679012345678,0.04,,,,0.03333333333333333,,-0.010752688172043012,0.006106234991413822
385,2025-11-30,601288 CH Equity,CNE100000RJ0,26978301W,,,,-0.014084507042253521,,,-0.03333333333333333,,0.010416666666666666,-0.008283599839617703
386,2025-11-30,601318 CH Equity,CNE000001R84,16070902W,,,,,,,,,-0.010752688172043012,-3.0673303050109864e-05
387,2025-11-30,601319 CH Equity,CNE100003F27,31421406W,,,,,,,,,,0.0
388,2025-11-30,601328 CH Equity,CNE1000000S2,26746202W,,,,,,,0.03333333333333333,,,0.006922350053449852
389,2025-11-30,601333 CH Equity,CNE000001Q44,06284402W,-0.012048192771084338,,,,0.006211180124223602,,,,,0.0012516891419564699
390,2025-11-30,601336 CH Equity,CNE1000019Y0,31039501W,,,,,,,-0.03333333333333333,,,-0.006922350053449852
391,2025-11-30,601360 CH Equity,CNE100002RZ2,18671701W,,-0.012345679012345678,,-0.014084507042253521,0.006211180124223602,-0.012345679012345678,,,-0.010752688172043012,-0.0027282998490610146
392,2025-11-30,601377 CH Equity,CNE100000V95,29537901W,,,,,,,,,,0.0
393,2025-11-30,601390 CH Equity,CNE100000866,28731101W,-0.012048192771084338,,,,-0.012345679012345678,-0.012345679012345678,,,-0.010752688172043012,-0.0035933146562781063
394,2025-11-30,601398 CH Equity,CNE000001P37,27937802W,,,,-0.014084507042253521,,,,,-0.010752688172043012,-0.0014216378515477539
395,2025-11-30,601456 CH Equity,CNE1000041D8,32001602W,,,,-0.014084507042253521,,,,,,-0.001390964548497644
396,2025-11-30,601555 CH Equity,CNE1000019P8,31039601W,,,,,,,-0.03333333333333333,,,-0.006922350053449852
397,2025-11-30,601567 CH Equity,CNE100001567,29812601W,-0.012048192771084338,,,,-0.012345679012345678,-0.012345679012345678,,,,-0.0035626413532279964
398,2025-11-30,601577 CH Equity,CNE100003F50,32832601W,,,,,,,0.03333333333333333,,,0.006922350053449852
399,2025-11-30,601600 CH Equity,CNE1000000T0,14635202W,0.011904761904761904,0.012048192771084338,,,-0.012345679012345678,,,,,-0.0002866718264471032
400,2025-11-30,601601 CH Equity,CNE1000008M8,28768601W,,,,,,,,,,0.0
401,2025-11-30,601607 CH Equity,CNE000000C82,26012601W,,0.012048192771084338,,,,,,,,0.0024616389089216475
402,2025-11-30,601615 CH Equity,CNE100003HQ0,33080601W,-0.012048192771084338,-0.012345679012345678,,-0.014084507042253521,0.006211180124223602,,,,0.010416666666666666,-0.0026319807607607226
403,2025-11-30,601618 CH Equity,CNE100000FX6,29267601W,,,,,,,,,,0.0
404,2025-11-30,601628 CH Equity,CNE000001Q93,25950302W,,,,,,,,,,0.0
405,2025-11-30,601633 CH Equity,CNE1000018V8,25954402W,,,,,,,,,,0.0
406,2025-11-30,601658 CH Equity,CNE100003PZ4,32249402W,,,,-0.014084507042253521,,,,,,-0.001390964548497644
407,2025-11-30,601665 CH Equity,CNE100005154,34857501W,,,,0.013888888888888888,,,0.03333333333333333,,,0.00829399564988503
408,2025-11-30,601668 CH Equity,CNE100000F46,29243101W,,,,,,,,,-0.010752688172043012,-3.0673303050109864e-05
409,2025-11-30,601669 CH Equity,CNE1000017G1,30319701W,-0.012048192771084338,,,,,,,,,-0.0002605002628480638
410,2025-11-30,601688 CH Equity,CNE100000LQ8,29404801W,,,,,,,-0.03333333333333333,,0.010416666666666666,-0.006892635291120058
411,2025-11-30,601689 CH Equity,CNE1000023J3,31939401W,,-0.012345679012345678,-0.043478260869565216,,,,-0.03333333333333333,,0.010416666666666666,-0.011586227821160146
412,2025-11-30,601696 CH Equity,CNE100003R64,33709101W,,,,0.013888888888888888,,,-0.03333333333333333,,0.010416666666666666,-0.005520989694684881
413,2025-11-30,601698 CH Equity,CNE100003PX9,33276601W,,,,,,,,,,0.0
414,2025-11-30,601699 CH Equity,CNE000001NT7,27871801W,,0.012048192771084338,,,-0.012345679012345678,,,-0.038461538461538464,0.010416666666666666,-0.006182450486497105
415,2025-11-30,601717 CH Equity,CNE100000S58,29504101W,0.011904761904761904,,,,0.006211180124223602,0.006172839506172839,,,0.010416666666666666,0.0019475188792612832
416,2025-11-30,601727 CH Equity,CNE100000D55,27283602W,,-0.012345679012345678,,,,,,,,-0.0025224201165493423
417,2025-11-30,601728 CH Equity,CNE100004QG0,25433805W,,,0.04,,,,0.03333333333333333,0.09090909090909091,,0.02231714259945804
418,2025-11-30,601766 CH Equity,CNE100000CP9,28945301W,0.011904761904761904,0.012048192771084338,,,,,,,,0.0027190379781643773
419,2025-11-30,601777 CH Equity,CNE100000X10,29587201W,,,0.04,,,,0.03333333333333333,,,0.008919828673861338
420,2025-11-30,601788 CH Equity,CNE100000FD8,29246801W,,,,,,,,,,0.0
421,2025-11-30,601799 CH Equity,CNE1000011H2,29652801W,,,,,,,,,,0.0
422,2025-11-30,601800 CH Equity,CNE100001FN5,28200502W,-0.012048192771084338,,,,-0.012345679012345678,-0.012345679012345678,,,-0.010752688172043012,-0.0035933146562781063
423,2025-11-30,601816 CH Equity,CNE100003RV9,33678201W,,,,0.013888888888888888,,,,,-0.010752688172043012,0.0013409722933850668
424,2025-11-30,601818 CH Equity,CNE100000SL4,26978401W,,,,,,,0.03333333333333333,,0.010416666666666666,0.006952064815779646
425,2025-11-30,601825 CH Equity,CNE100004QD7,31861901W,,,,,,,0.03333333333333333,,,0.006922350053449852
426,2025-11-30,601838 CH Equity,CNE100002SN6,32652701W,,,,,,,0.03333333333333333,,,0.006922350053449852
427,2025-11-30,601857 CH Equity,CNE1000007Q1,13387003W,,0.012048192771084338,,,0.006211180124223602,0.006172839506172839,,0.09090909090909091,,0.01751935788220711
428,2025-11-30,601865 CH Equity,,32076303W,,-0.012345679012345678,,0.013888888888888888,0.006211180124223602,-0.012345679012345678,,,,6.498359892191587e-05
429,2025-11-30,601866 CH Equity,CNE1000008F2,27033002W,,,,-0.014084507042253521,-0.012345679012345678,,,,-0.010752688172043012,-0.0044273476561592345
430,2025-11-30,601868 CH Equity,CNE100004QL0,32082704W,,,,,,,,,,0.0
431,2025-11-30,601872 CH Equity,CNE000001PQ8,28153901W,,,,,0.006211180124223602,0.006172839506172839,,-0.038461538461538464,0.010416666666666666,-0.003977974543118512
432,2025-11-30,601877 CH Equity,CNE100000KD8,29373001W,,,,0.013888888888888888,-0.012345679012345678,0.006172839506172839,,,,-0.0014858485652920776
433,2025-11-30,601878 CH Equity,CNE100002R65,32478801W,,,,,,,,,-0.010752688172043012,-3.0673303050109864e-05
434,2025-11-30,601880 CH Equity,CNE100000X77,27703102W,,,,0.013888888888888888,0.006211180124223602,,,,,0.00288383500123971
435,2025-11-30,601881 CH Equity,CNE100002FG7,31539405W,,,,-0.014084507042253521,,,,,-0.010752688172043012,-0.0014216378515477539
436,2025-11-30,601888 CH Equity,CNE100000G29,29278401W,,,,,,,,,,0.0
437,2025-11-30,601899 CH Equity,CNE100000B24,25954302W,0.011904761904761904,0.012048192771084338,,,,0.006172839506172839,,,0.010416666666666666,0.0028969683833783974
438,2025-11-30,601901 CH Equity,CNE1000015Y8,29838601W,,,,,,,,,-0.010752688172043012,-3.0673303050109864e-05
439,2025-11-30,601919 CH Equity,CNE100000601,27324002W,,0.012048192771084338,,,-0.012345679012345678,,,,-0.010752688172043012,-0.0005747441987399428
440,2025-11-30,601933 CH Equity,CNE100000XX9,29598701W,,,,-0.014084507042253521,,,,,,-0.001390964548497644
441,2025-11-30,601939 CH Equity,CNE100000742,27436402W,,,,-0.014084507042253521,,,0.03333333333333333,,-0.010752688172043012,0.005500712201902098
442,2025-11-30,601958 CH Equity,CNE1000009Y1,28865301W,,,,,,,,,,0.0
443,2025-11-30,601966 CH Equity,CNE100002GM3,32191501W,-0.012048192771084338,,0.04,,,,,,-0.010752688172043012,0.001706305054513312
444,2025-11-30,601985 CH Equity,CNE1000022N7,31983201W,,,,-0.014084507042253521,,-0.012345679012345678,,-0.038461538461538464,,-0.007355490187403162
445,2025-11-30,601988 CH Equity,CNE000001N05,26746102W,,,,-0.014084507042253521,,,0.03333333333333333,,-0.010752688172043012,0.005500712201902098
446,2025-11-30,601990 CH Equity,CNE1000031R9,32741601W,,,,-0.014084507042253521,,,,,-0.010752688172043012,-0.0014216378515477539
447,2025-11-30,601991 CH Equity,CNE000001Q02,21350202W,0.011904761904761904,0.012048192771084338,,,,0.006172839506172839,-0.03333333333333333,,,-0.004055096432401249
448,2025-11-30,601995 CH Equity,CNE1000048J0,32067606W,,,,0.013888888888888888,,,,,-0.010752688172043012,0.0013409722933850668
449,2025-11-30,601998 CH Equity,CNE1000000R4,28445801W,,,,,,,,,,0.0
450,2025-11-30,603019 CH Equity,CNE100001TW7,31862501W,,,,0.013888888888888888,0.006211180124223602,0.006172839506172839,,,0.010416666666666666,0.00306176540645373
451,2025-11-30,603160 CH Equity,CNE100002G84,32266101W,,0.012048192771084338,,0.013888888888888888,0.006211180124223602,-0.012345679012345678,,,,0.0050490426243929055
452,2025-11-30,603179 CH Equity,CNE100002YB9,32373801W,,,-0.043478260869565216,,,,-0.03333333333333333,,0.010416666666666666,-0.009063807704610804
453,2025-11-30,603195 CH Equity,CNE100003RL0,33688901W,-0.012048192771084338,-0.012345679012345678,,0.013888888888888888,,-0.012345679012345678,,,-0.010752688172043012,-0.0017383793717807914
454,2025-11-30,603228 CH Equity,CNE100002FZ7,32325201W,0.011904761904761904,,,,0.006211180124223602,0.006172839506172839,,,,0.0019178041169314894
455,2025-11-30,603259 CH Equity,CNE1000031K4,32714001W,0.011904761904761904,0.012048192771084338,,,,0.006172839506172839,,,,0.0028672536210486033
456,2025-11-30,603260 CH Equity,CNE100002V10,32572201W,-0.012048192771084338,-0.012345679012345678,,,-0.012345679012345678,-0.012345679012345678,,,-0.010752688172043012,-0.006115734772827448
457,2025-11-30,603288 CH Equity,CNE100001SL2,31713601W,,,-0.043478260869565216,,,,,,,-0.0021711724134907454
458,2025-11-30,603290 CH Equity,CNE100003RN6,33688801W,,,,,0.006211180124223602,0.006172839506172839,,,,0.0016604050476887596
459,2025-11-30,603296 CH Equity,CNE100006M82,35777801W,0.011904761904761904,0.012048192771084338,,,-0.012345679012345678,0.006172839506172839,,,,-0.0001384561835628771
460,2025-11-30,603298 CH Equity,CNE100002FY0,32317601W,0.011904761904761904,,,,0.006211180124223602,0.006172839506172839,,,,0.0019178041169314894
461,2025-11-30,603338 CH Equity,CNE1000023M7,31944801W,,,,,,-0.012345679012345678,,,,-0.0002964312857684522
462,2025-11-30,603345 CH Equity,CNE100002YQ7,32356401W,-0.012048192771084338,,0.04,,,-0.012345679012345678,,,,0.0014405470717949696
463,2025-11-30,603369 CH Equity,CNE100001TH8,31795301W,-0.012048192771084338,,,-0.014084507042253521,-0.012345679012345678,,,,,-0.004657174615957188
464,2025-11-30,603392 CH Equity,CNE100004090,33814901W,-0.012048192771084338,-0.012345679012345678,,,0.006211180124223602,-0.012345679012345678,,,,-0.0015671622603613247
465,2025-11-30,603486 CH Equity,CNE1000031N8,32732601W,0.011904761904761904,0.012048192771084338,-0.043478260869565216,,,,-0.03333333333333333,,0.010416666666666666,-0.0063447697264464266
466,2025-11-30,603501 CH Equity,CNE100002XM8,32414701W,,,,,,0.006172839506172839,,,,0.0001482156428842261
467,2025-11-30,603568 CH Equity,CNE1000023N5,31977701W,-0.012048192771084338,,,-0.014084507042253521,0.006211180124223602,,,,,-0.00013927540654117416
468,2025-11-30,603596 CH Equity,CNE1000030Y7,32709701W,,,,,,,0.03333333333333333,,,0.006922350053449852
469,2025-11-30,603605 CH Equity,CNE100002TP9,32595101W,,,-0.043478260869565216,0.013888888888888888,,,,,,-0.0007995268170555687
470,2025-11-30,603606 CH Equity,CNE100001T23,31851701W,,-0.012345679012345678,,,-0.012345679012345678,0.006172839506172839,,,,-0.005379914278276597
471,2025-11-30,603659 CH Equity,CNE100002TX3,32579001W,0.011904761904761904,0.012048192771084338,,,0.006211180124223602,0.006172839506172839,,,0.010416666666666666,0.004409157788182931
472,2025-11-30,603799 CH Equity,CNE100001VW3,31912901W,0.011904761904761904,0.012048192771084338,,,0.006211180124223602,0.006172839506172839,,,0.010416666666666666,0.004409157788182931
473,2025-11-30,603806 CH Equity,CNE100001VX1,31833601W,-0.012048192771084338,-0.012345679012345678,,,0.006211180124223602,,,,,-0.0012707309745928724
474,2025-11-30,603816 CH Equity,CNE100002GF7,32265001W,,,,,,,,,,0.0
475,2025-11-30,603885 CH Equity,CNE100001ZY0,31970801W,,-0.012345679012345678,,0.013888888888888888,,,,,,-0.0011507745201141655
476,2025-11-30,603893 CH Equity,CNE100003RK2,33774001W,,0.012048192771084338,,0.013888888888888888,-0.012345679012345678,0.006172839506172839,,,,0.0009757903436295699
477,2025-11-30,603899 CH Equity,CNE100001V60,31910201W,-0.012048192771084338,-0.012345679012345678,,,0.006211180124223602,,,,,-0.0012707309745928724
478,2025-11-30,603939 CH Equity,CNE100001TS5,31925501W,,,0.04,,,0.006172839506172839,,,,0.0021456942632957117
479,2025-11-30,603979 CH Equity,CNE1000022P2,31999701W,,0.012048192771084338,,,,0.006172839506172839,,,,0.0026098545518058736
480,2025-11-30,603986 CH Equity,CNE1000030S9,32212201W,0.011904761904761904,0.012048192771084338,,0.013888888888888888,,0.006172839506172839,,,0.010416666666666666,0.004268613979813574
481,2025-11-30,603993 CH Equity,CNE100001NR0,28453202W,0.011904761904761904,0.012048192771084338,,,,0.006172839506172839,,,0.010416666666666666,0.0028969683833783974
482,2025-11-30,605117 CH Equity,CNE1000052S3,34754501W,-0.012048192771084338,-0.012345679012345678,,,-0.012345679012345678,0.006172839506172839,,,0.010416666666666666,-0.0056106997787948665
483,2025-11-30,605499 CH Equity,CNE100005576,34875601W,,,-0.043478260869565216,,0.006211180124223602,0.006172839506172839,,,,-0.0005107673658019858
484,2025-11-30,688008 CH Equity,CNE100003MN7,34655901W,,0.012048192771084338,,0.013888888888888888,0.006211180124223602,0.006172839506172839,,,0.010416666666666666,0.005523404315375378
485,2025-11-30,688009 CH Equity,CNE100003MP2,32016904W,,,,-0.014084507042253521,0.006211180124223602,-0.012345679012345678,,,-0.010752688172043012,-0.00020587973251167242
486,2025-11-30,688012 CH Equity,CNE100003MM9,33303201W,,,,,,0.006172839506172839,,,0.010416666666666666,0.00017793040521402003
487,2025-11-30,688036 CH Equity,CNE100003P74,33374501W,-0.012048192771084338,-0.012345679012345678,,,0.006211180124223602,-0.012345679012345678,,,,-0.0015671622603613247
488,2025-11-30,688041 CH Equity,CNE100005PT2,35397101W,,,,0.013888888888888888,0.006211180124223602,0.006172839506172839,,,0.010416666666666666,0.00306176540645373
489,2025-11-30,688047 CH Equity,CNE100005QH5,35346801W,,,,-0.014084507042253521,-0.012345679012345678,,,,,-0.004396674353109124
490,2025-11-30,688065 CH Equity,CNE100004447,18769301W,0.011904761904761904,0.012048192771084338,,,-0.012345679012345678,0.006172839506172839,,,-0.010752688172043012,-0.00016912948661298695
491,2025-11-30,688072 CH Equity,CNE100005998,35309601W,,,,0.013888888888888888,,0.006172839506172839,,,0.010416666666666666,0.0015495760016491968
492,2025-11-30,688082 CH Equity,CNE100004ZD8,35106701W,,0.012048192771084338,,,-0.012345679012345678,0.006172839506172839,,,0.010416666666666666,-0.00036614049047581284
493,2025-11-30,688099 CH Equity,CNE100003LZ3,33319901W,,,,,0.006211180124223602,0.006172839506172839,,,,0.0016604050476887596
494,2025-11-30,688111 CH Equity,CNE100003PM2,33547701W,,,,0.013888888888888888,0.006211180124223602,,,,,0.00288383500123971
495,2025-11-30,688120 CH Equity,CNE100005QL7,35344301W,,,,,,0.006172839506172839,,,,0.0001482156428842261
496,2025-11-30,688122 CH Equity,CNE100003MF3,33282901W,,,,,,0.006172839506172839,,,,0.0001482156428842261
497,2025-11-30,688126 CH Equity,CNE1000040F5,33825701W,,-0.012345679012345678,,-0.014084507042253521,,,,,,-0.003913384665046986
498,2025-11-30,688169 CH Equity,CNE100003R80,33730101W,,-0.012345679012345678,,,,,,,,-0.0025224201165493423
499,2025-11-30,688180 CH Equity,CNE1000041Z1,33015805W,0.011904761904761904,0.012048192771084338,,,,0.006172839506172839,,,,0.0028672536210486033
500,2025-11-30,688187 CH Equity,CNE100004QK2,28208205W,,,,,,0.006172839506172839,,,,0.0001482156428842261
501,2025-11-30,688188 CH Equity,CNE100003LY6,33321201W,0.011904761904761904,,,0.013888888888888888,0.006211180124223602,0.006172839506172839,,,-0.010752688172043012,0.003258776410316556
502,2025-11-30,688213 CH Equity,CNE100005QT0,35343101W,0.011904761904761904,0.012048192771084338,,,-0.012345679012345678,0.006172839506172839,,,-0.010752688172043012,-0.00016912948661298695
503,2025-11-30,688220 CH Equity,CNE100005RF7,35190301W,,,,,,0.006172839506172839,,,,0.0001482156428842261
504,2025-11-30,688223 CH Equity,CNE100005R96,35201601W,-0.012048192771084338,-0.012345679012345678,,,,-0.012345679012345678,,,-0.010752688172043012,-0.003110024968215968
505,2025-11-30,688234 CH Equity,CNE100005RH3,35188401W,-0.012048192771084338,-0.012345679012345678,,-0.014084507042253521,-0.012345679012345678,0.006172839506172839,,,,-0.007031379089622304
506,2025-11-30,688235 CH Equity,CNE100005XT6,02637605W,0.011904761904761904,0.012048192771084338,,,-0.012345679012345678,0.006172839506172839,,,,-0.0001384561835628771
507,2025-11-30,688249 CH Equity,CNE1000060L1,35660501W,,,,-0.014084507042253521,,,,,0.010416666666666666,-0.0013612497861678501
508,2025-11-30,688271 CH Equity,CNE100005PN5,35426501W,,,,,0.006211180124223602,0.006172839506172839,,,,0.0016604050476887596
509,2025-11-30,688303 CH Equity,CNE100004P24,34971101W,-0.012048192771084338,-0.012345679012345678,,-0.014084507042253521,0.006211180124223602,,,,,-0.0026616955230905166
510,2025-11-30,688331 CH Equity,CNE100005B03,34408204W,,,,,0.006211180124223602,-0.012345679012345678,,,,0.0012157581190360813
511,2025-11-30,688347 CH Equity,CNE100006M90,31849305W,0.011904761904761904,-0.012345679012345678,,-0.014084507042253521,0.006211180124223602,0.006172839506172839,,,0.010416666666666666,-0.001965865785785703
512,2025-11-30,688385 CH Equity,CNE100004PL2,24796905W,,,,0.013888888888888888,0.006211180124223602,0.006172839506172839,,,,0.0030320506441239366
513,2025-11-30,688396 CH Equity,CNE100003S06,33738301W,,,,,,,,,,0.0
514,2025-11-30,688469 CH Equity,CNE1000060N7,35665701W,,0.012048192771084338,,-0.014084507042253521,0.006211180124223602,,,,,0.002582863765228537
515,2025-11-30,688472 CH Equity,CNE100006KH6,35692601W,,,,,,-0.012345679012345678,,,,-0.0002964312857684522
516,2025-11-30,688506 CH Equity,CNE100006FN4,35558801W,,-0.012345679012345678,,,0.006211180124223602,0.006172839506172839,,,,-0.0008620150688605826
517,2025-11-30,688521 CH Equity,CNE100004413,33929301W,,-0.012345679012345678,,-0.014084507042253521,0.006211180124223602,0.006172839506172839,,,0.010416666666666666,-0.0022232648550284326
518,2025-11-30,688538 CH Equity,CNE1000051N6,34878601W,,,,-0.014084507042253521,,,,,,-0.001390964548497644
519,2025-11-30,688578 CH Equity,CNE100005XJ7,34554801W,,,,,,0.006172839506172839,,,,0.0001482156428842261
520,2025-11-30,688608 CH Equity,CNE100005XM1,34600801W,,,,,-0.012345679012345678,0.006172839506172839,,,,-0.0028574941617272543
521,2025-11-30,688617 CH Equity,CNE100004C45,34621901W,,,,,,0.006172839506172839,,,,0.0001482156428842261
522,2025-11-30,688728 CH Equity,CNE100004PM0,34990401W,,,,,,,,,-0.010752688172043012,-3.0673303050109864e-05
523,2025-11-30,688777 CH Equity,CNE100005D92,34522101W,-0.012048192771084338,-0.012345679012345678,,,,,,,,-0.002782920379397406
524,2025-11-30,688981 CH Equity,CNE1000041W8,15874106W,,,,-0.014084507042253521,,0.006172839506172839,,,,-0.001242748905613418
