date,cew_return,gross_stock,cost_stock,net_stock,cost_factor_level,cost_factor_at_base,turnover_oneway
2018-06-30,-0.007869482584395028,-0.0077094654337185485,0.0,-0.0077094654337185485,0.0004243701257748538,0.0007072835429580897,0.0
2018-07-31,-0.0034338967995131914,-0.002632285509741892,0.0012718003042724814,-0.0039040858140143735,0.0005428129855938474,0.0009046883093230789,0.3179500760681203
2018-08-31,0.0035807666533959706,0.00408321281018843,0.000948322658972464,0.0031348901512159664,0.0007710649593743959,0.0012851082656239932,0.23708066474311598
2018-09-30,0.00016898222243362258,0.0008279952888243648,0.0009812313689662644,-0.00015323608014189958,0.00036999389043993163,0.0006166564840665527,0.24530784224156607
2018-10-31,0.0005185204367085722,-7.7377622899683e-06,0.0006732619058846358,-0.0006809996681746041,0.0004743043170442072,0.0007905071950736786,0.16831547647115896
2018-11-30,0.0018265047574922953,0.003150783866145768,0.0008749593645514032,0.0022758245015943646,0.0007275058918409926,0.0012125098197349876,0.2187398411378508
2018-12-31,0.0033895276849688284,0.003844677022060224,0.0012204986519423694,0.0026241783701178548,0.00032332540849267145,0.0005388756808211191,0.3051246629855924
2019-01-31,-0.00896164624705934,-0.009815429290074194,0.000642796405384863,-0.010458225695459056,0.00026501924578600057,0.00044169874297666763,0.16069910134621573
2019-02-28,0.0033397630051478647,0.003867332726459017,0.000863858093824591,0.0030034746326344256,0.0006582510443493262,0.0010970850739155436,0.21596452345614775
2019-03-31,-1.4287646522650568e-05,-0.000701807602958266,0.000875195518102161,-0.001577003121060427,0.0006370097741417325,0.0010616829569028876,0.21879887952554025
2019-04-30,0.004643502651723495,0.006425453036746987,0.0010375845943253175,0.005387868442421669,0.000592894592806679,0.0009881576546777984,0.25939614858132937
2019-05-31,0.0004048568043874627,0.0007048580828471736,0.0007570867065762186,-5.222862372904495e-05,0.0007329560059390945,0.0012215933432318242,0.18927167664405464
2019-06-30,-0.0008658573321040938,-0.0007553526838826932,0.001171408964035893,-0.0019267616479185863,0.0003735210781533605,0.0006225351302556008,0.2928522410089733
2019-07-31,0.005564384752089953,0.005091969298317006,0.0006362521995096299,0.004455717098807376,0.0005519107854468364,0.0009198513090780607,0.15906304987740746
2019-08-31,0.0011089312962732625,-0.00015935956746944598,0.000748541145344473,-0.000907900712813919,0.0006869012273914412,0.0011448353789857355,0.18713528633611826
2019-09-30,-0.0014634619406044605,0.0006527690985879749,0.0009537791829413103,-0.0003010100843533354,0.0005097749983636478,0.0008496249972727464,0.23844479573532756
2019-10-31,-0.007397807847130211,-0.005856521593840116,0.000866073008969459,-0.006722594602809575,0.0007714475125618195,0.001285745854269699,0.21651825224236476
2019-11-30,0.002439513401993636,0.0023119908309404405,0.0012727307095927274,0.001039260121347713,0.0007295418632538138,0.0012159031054230231,0.31818267739818185
2019-12-31,-0.0010016385391544986,-0.0006031523183684499,0.0017412535300805247,-0.0023444058484489746,0.0006255948767759055,0.0010426581279598425,0.4353133825201312
2020-01-31,0.0012934255229238442,0.0016171071414061205,0.0010678244897688834,0.0005492826516372371,0.0005700678063619299,0.0009501130106032165,0.26695612244222083
2020-02-29,0.001520424582282045,0.0013552003558179359,0.0010244601947354583,0.0003307401610824776,0.0008991510435957452,0.0014985850726595754,0.2561150486838646
2020-03-31,0.019386713155696747,0.02016563993693147,0.0010855217642452267,0.019080118172686244,0.0010351016765604926,0.0017251694609341545,0.27138044106130665
2020-04-30,0.00036619711317600206,-0.0029872237188199352,0.0011722884046058125,-0.004159512123425748,0.000667052418662136,0.00111175403110356,0.2930721011514531
2020-05-31,0.00924029017413715,0.009545018029873032,0.0009088482500337321,0.0086361697798393,0.0008260483413362429,0.001376747235560405,0.227212062508433
2020-06-30,-0.0042334496300447475,-0.003500764689253179,0.0013967687940022158,-0.004897533483255395,0.0005194940534039366,0.0008658234223398943,0.34919219850055394
2020-07-31,0.017811474211330156,0.015514879820373494,0.001018343255391143,0.01449653656498235,0.0007682779297961523,0.0012804632163269207,0.2545858138477857
2020-08-31,-0.012897079265782646,-0.008448948848544385,0.0009729430462078498,-0.009421891894752236,0.0009381637025877687,0.0015636061709796145,0.24323576155196244
2020-09-30,0.007839695786943237,0.007431781687335862,0.001315547392957856,0.006116234294378006,0.0005643348430256861,0.000940558071709477,0.32888684823946396
2020-10-31,-0.003226216450106739,-0.002447432401055506,0.0007886454255795233,-0.003236077826635029,0.00047206519140867724,0.0007867753190144621,0.1971613563948808
2020-11-30,-0.03608744050388644,-0.033790079071731566,0.0006887324196509301,-0.034478811491382495,0.0009672781127143585,0.0016121301878572643,0.1721831049127325
2020-12-31,0.000482589640060203,0.00103444596207953,0.002408222574583341,-0.0013737766125038113,0.0007884369432557515,0.0013140615720929193,0.6020556436458353
2021-01-31,-0.003164204747074425,-0.002836689926443038,0.0008947700442606998,-0.0037314599707037378,0.0006962521318253924,0.0011604202197089872,0.22369251106517496
2021-02-28,-0.0063369149110587344,-0.0014136690177158798,0.0011120872212107516,-0.0025257562389266316,0.0008975716684164443,0.0014959527806940739,0.2780218053026879
2021-03-31,0.0025903055572189166,0.0038706525735383327,0.0012945387618934071,0.0025761138116449254,0.0007548344562951378,0.001258057427158563,0.32363469047335175
2021-04-30,0.0052939675691204705,0.0062867341704481595,0.001494021541092561,0.004792712629355598,0.0007653742544810368,0.0012756237574683947,0.37350538527314026
2021-05-31,0.0017331960125528615,0.004260459080163901,0.0011615081478231688,0.003098950932340732,0.0007827928739930839,0.0013046547899884732,0.2903770369557922
2021-06-30,0.0034857203594189957,0.003027818028102871,0.0018675636947338638,0.0011602543333690072,0.0006675927324139321,0.0011126545540232201,0.46689092368346596
2021-07-31,0.008088787937500185,0.008627464666747594,0.0012746835463668114,0.007352781120380783,0.0005599782541567562,0.0009332970902612604,0.31867088659170284
2021-08-31,0.001538061461895115,0.002021317455819514,0.0010511609549986413,0.0009701565008208726,0.000852208931626899,0.001420348219378165,0.26279023874966034
2021-09-30,-0.012734061598532175,-0.011953425756588589,0.000839321603064084,-0.012792747359652672,0.00042754700622715515,0.0007125783437119253,0.209830400766021
2021-10-31,0.016538383184503916,0.01696183927022345,0.000831325263380101,0.01613051400684335,0.0005317104547793206,0.0008861840912988676,0.20783131584502523
2021-11-30,0.00641842873729602,0.007088250938694497,0.0007140710428751449,0.0063741798958193525,0.0008534443029421506,0.0014224071715702512,0.17851776071878622
2021-12-31,0.00789535956470199,0.008395731059908214,0.0013930812125981826,0.007002649847310031,0.0005693680780167358,0.0009489467966945596,0.34827030314954566
2022-01-31,-0.013778809479266551,-0.013260380443238256,0.0009352430324610448,-0.0141956234756993,0.0005429139512437448,0.0009048565854062414,0.2338107581152612
2022-02-28,-0.010862664217433862,-0.009945133804538417,0.0010035408025771471,-0.010948674607115565,0.0008731061208897099,0.0014551768681495166,0.25088520064428677
2022-03-31,0.006711381906432768,0.0074980266727735344,0.0012390327264885238,0.0062589939462850104,0.0008280563232076654,0.0013800938720127756,0.3097581816221309
2022-04-30,0.013543646231047745,0.0139784148080883,0.0009554136263986943,0.013023001181689605,0.0005919957665582194,0.0009866596109303657,0.23885340659967358
2022-05-31,0.0022291866394544006,0.0031309937433227943,0.0010669788057272912,0.0020640149375955033,0.0009238939607076412,0.0015398232678460687,0.2667447014318228
2022-06-30,-0.00063512500474465,-0.00011122027175892394,0.0015625627179925332,-0.0016737829897514572,0.000604244121221997,0.0010070735353699951,0.3906406794981333
2022-07-31,0.012667561130623388,0.013174461255986758,0.0005695780271855137,0.012604883228801244,0.0005843192876663679,0.0009738654794439464,0.1423945067963784
2022-08-31,-0.008772410159544119,-0.00731184519838322,0.0007809438927451162,-0.008092789091128337,0.0009154423007578067,0.0015257371679296779,0.19523597318627905
2022-09-30,0.007436510697383669,0.008244963776342706,0.0009946225306341257,0.007250341245708581,0.0005828186981900333,0.0009713644969833889,0.2486556326585314
2022-10-31,0.012074495883345254,0.014084031689579623,0.000762876586394011,0.013321155103185612,0.0007896144414475052,0.0013160240690791754,0.19071914659850275
2022-11-30,-0.0060045325423409256,-0.0043148783530082835,0.0008438197016615068,-0.00515869805466979,0.0010817402372141967,0.0018029003953569946,0.2109549254153767
2022-12-31,-0.009883195402707422,-0.009130443721503496,0.0016556231279611616,-0.010786066849464657,0.0005526761519438501,0.0009211269199064169,0.4139057819902904
2023-01-31,-0.01748306038491535,-0.016325260048107623,0.0015684080117196967,-0.017893668059827318,0.0008461901582322044,0.0014103169303870075,0.39210200292992414
2023-02-28,-9.576669695198528e-05,0.0014224330838325263,0.0015589876119346574,-0.00013655452810213114,0.00099462275239749,0.00165770458732915,0.3897469029836643
2023-03-31,0.002896550170384731,0.0028361034187332924,0.0011655191870761153,0.001670584231657177,0.0009073302416641026,0.001512217069440171,0.2913797967690288
2023-04-30,-0.0025369509843356773,-0.0018344353080382509,0.0011510143899437632,-0.002985449697982014,0.0006140397845174609,0.0010233996408624349,0.28775359748594076
2023-05-31,-0.004719068231730878,-0.003558836565383324,0.0009358583616342,-0.004494694927017524,0.0011602316663475525,0.0019337194439125877,0.23396459040855
2023-06-30,0.0021872658098323694,0.002993947253910505,0.0016147819843251132,0.0013791652695853917,0.0008066814440781345,0.0013444690734635575,0.4036954960812783
2023-07-31,-0.005376401661854891,-0.004468869314721356,0.0010854652018015697,-0.005554334516522926,0.0007919567134664902,0.0013199278557774839,0.2713663004503924
2023-08-31,0.00017848181372668502,0.0010766750925035485,0.0012284576123555984,-0.0001517825198520499,0.0009778380079915356,0.001629730013319226,0.3071144030888996
2023-09-30,0.0008630906301232554,0.0014676478724740892,0.0010398263673177032,0.000427821505156386,0.0006068631796395424,0.0010114386327325707,0.25995659182942576
2023-10-31,0.008380060127523533,0.009120497082475875,0.000880087169409217,0.008240409913066658,0.0007756812709925172,0.001292802118320862,0.22002179235230424
2023-11-30,0.004961816969268094,0.005949099542058741,0.0011416890115571667,0.004807410530501575,0.000987282572790646,0.0016454709546510767,0.2854222528892917
2023-12-31,0.00098983985060951,0.0015960647151247436,0.0013630305974140669,0.00023303411771067673,0.0006062248645152342,0.0010103747741920571,0.3407576493535167
2024-01-31,0.006316271452295819,0.007066224840730341,0.0008535841290443984,0.006212640711685942,0.0007499533884345205,0.0012499223140575342,0.2133960322610996
2024-02-29,0.004332263867917212,0.005392548987523959,0.0009061415564525757,0.004486407431071383,0.0009972042034448526,0.001662007005741421,0.22653538911314391
2024-03-31,0.00275488078712162,0.0035127529090191066,0.0011449053819366968,0.00236784752708241,0.0007626398237547115,0.0012710663729245193,0.2862263454841742
2024-04-30,-0.00031461002944885,0.00044641864879525,0.000992362551677758,-0.000545943902882508,0.000737778240392936,0.0012296304006548934,0.24809063791943953
2024-05-31,0.0029995367462409936,0.0038146030709369943,0.0009756363386977766,0.0028389667322392177,0.0009536865955425789,0.0015894776592376317,0.24390908467444417
2024-06-30,0.0021882287654904514,0.0026385912936149926,0.0017631499544057672,0.0008754413392092254,0.00045036252812454176,0.0007506042135409029,0.4407874886014418
2024-07-31,-0.006262570683560009,-0.005666669243706258,0.0006218186999444457,-0.006288487943650704,0.0005959014398537486,0.0009931690664229144,0.15545467498611143
2024-08-31,-0.003972032892444043,-0.003238171609395519,0.0010395981065324956,-0.004277769715928015,0.0007338612830485252,0.0012231021384142087,0.2598995266331239
2024-09-30,-0.0018533591705639193,-0.001364826221402153,0.0008994062711084543,-0.0022642324925106075,0.0004885329491617657,0.0008142215819362762,0.22485156777711357
2024-10-31,0.0031234741961627226,0.004631095919450219,0.0012074829405619633,0.0034236129788882555,0.0006581046517486786,0.0010968410862477978,0.30187073514049084
2024-11-30,0.013932351768447898,0.015145378379261748,0.0013708473169739286,0.01377453106228782,0.0008144879883528415,0.0013574799805880693,0.34271182924348215
2024-12-31,-0.0018521960777474356,-0.0010418989704071588,0.001188368386524985,-0.0022302673569321438,0.0005170419917380275,0.0008617366528967126,0.29709209663124625
2025-01-31,0.01212449409404986,0.012348825109408247,0.0007271770903620842,0.011621648019046162,0.0004761267047674708,0.0007935445079457847,0.18179427259052106
2025-02-28,-0.00708051139692499,-0.005580072558884631,0.0008747289568881456,-0.0064548015157727765,0.0010250716818274684,0.0017084528030457808,0.2186822392220364
2025-03-31,-0.007091554694103795,-0.00528387963055988,0.001241975146983704,-0.006525854777543584,0.0009050780264282222,0.0015084633773803703,0.310493786745926
2025-04-30,0.008769252917137552,0.008354289384961876,0.0012621195473920648,0.007092169837569811,0.0006010907846077844,0.0010018179743463075,0.3155298868480162
2025-05-31,0.009873941452539333,0.011752874446409316,0.0007902185755328101,0.010962655870876506,0.0008010705327311093,0.001335117554551849,0.1975546438832025
2025-06-30,0.00030883512898017824,0.0009094732273390602,0.001436481205430277,-0.0005270079780912169,0.0005522167840526325,0.0009203613067543876,0.3591203013575692
2025-07-31,0.0008985174983115003,0.0016586957518015173,0.0012762782025903744,0.00038241754921114284,0.0006681342551237431,0.0011135570918729052,0.3190695506475936
2025-08-31,0.004179316401106854,0.00495387246583816,0.0008559129560312811,0.004097959509806879,0.0007760870972955338,0.0012934784954925563,0.21397823900782026
2025-09-30,0.01028326576295211,0.009883989264083883,0.000907914805171427,0.008976074458912455,0.00032897953317099934,0.0005482992219516656,0.22697870129285674
2025-10-31,0.007136344950214904,0.00733970062846671,0.0005765010510628846,0.006763199577403825,0.0006177307057203276,0.001029551176200546,0.14412526276572116
2025-11-30,0.0030789270196393457,0.0037598643386537022,0.0008323304816691099,0.002927533856984592,0.0006923871566443889,0.001153978594407315,0.2080826204172775
2025-12-31,0.007919817997917192,0.00829912868671265,0.0014457785585039315,0.006853350128208718,0.0003793106887954559,0.0006321844813257599,0.36144463962598283
2026-01-31,0.004896565439109403,0.005426017720326417,0.0006888078378790356,0.004737209882447382,0.0005294522812170147,0.0008824204686950245,0.17220195946975891
2026-02-28,0.005675854927592021,0.006580548886654103,0.0005923021600975597,0.005988246726556543,0.0009046939590620794,0.0015078232651034656,0.14807554002438994
2026-03-31,-0.004866467426416019,-0.004271368382883574,0.0008911470653594847,-0.0051625154482430585,0.0007187105144028064,0.0011978508573380108,0.22278676633987116
2026-04-30,0.00033346366477053147,0.001099758740222072,0.0007942236520613845,0.0003055350881606874,0.0007662950754515417,0.0012771584590859028,0.19855591301534614
2026-05-31,0.002322249748116071,0.003161143146405874,0.0008136634964857323,0.0023474796499201415,0.000838893398289805,0.0013981556638163416,0.20341587412143305
2026-06-30,0.0018201836889495267,0.00232470923592267,0.0014228996248388337,0.0009018096110838365,0.0,0.0,0.3557249062097084
